Player,Season,Team,S/C,Pos,GP,G,A,P,+/-,PIM,P/GP,EVG,EVP,PPG,PPP,SHG,SHP,OTG,GWG,S,S%,TOI/GP,FOW%
Connor McDavid,20202021,EDM,L,C,56,33,72,105,21,20,1.88,24,68,9,37,0,0,2,11,200,16.5,22:09,49.5
Leon Draisaitl,20202021,EDM,L,C,56,31,53,84,29,22,1.5,15,51,15,32,1,1,0,8,168,18.5,22:11,55.7
Brad Marchand,20202021,BOS,L,L,53,29,40,69,26,46,1.3,21,44,4,18,4,7,1,5,143,20.3,18:55,31.4
Mitchell Marner,20202021,TOR,R,R,55,20,47,67,21,20,1.22,20,51,0,14,0,2,0,5,156,12.8,22:26,80
Auston Matthews,20202021,TOR,L,C,52,41,25,66,21,10,1.27,31,53,10,13,0,0,2,12,222,18.5,21:33,51.9
Mikko Rantanen,20202021,COL,L,R,52,30,36,66,30,34,1.27,21,42,9,24,0,0,0,7,177,17,19:55,50
Patrick Kane,20202021,CHI,L,R,56,15,51,66,-7,14,1.18,12,44,3,22,0,0,0,3,191,7.9,22:14,28.6
Nathan MacKinnon,20202021,COL,R,C,48,20,45,65,22,37,1.35,12,40,8,25,0,0,0,2,206,9.7,20:22,48.5
Mark Scheifele,20202021,WPG,R,C,56,21,42,63,-4,12,1.13,17,46,4,17,0,0,0,4,126,16.7,20:58,49.8
Sidney Crosby,20202021,PIT,L,C,55,24,38,62,8,26,1.13,18,39,5,22,1,1,2,5,159,15.1,20:24,53.6
Mark Stone,20202021,VGK,R,R,55,21,40,61,26,28,1.11,14,43,6,17,1,1,0,8,98,21.4,19:04,40
Jonathan Huberdeau,20202021,FLA,L,L,55,20,41,61,12,36,1.11,15,37,5,24,0,0,1,1,122,16.4,18:25,43.6
Aleksander Barkov,20202021,FLA,L,C,50,26,32,58,12,14,1.16,18,38,7,19,1,1,2,6,176,14.8,20:56,54.9
David Perron,20202021,STL,R,L,56,19,39,58,6,22,1.04,13,37,6,21,0,0,1,2,151,12.6,18:33,0
Artemi Panarin,20202021,NYR,R,L,42,17,41,58,14,6,1.38,12,40,5,18,0,0,0,1,106,16,19:39,0
Sebastian Aho,20202021,CAR,L,C,56,24,33,57,16,32,1.02,14,36,7,18,3,3,1,7,148,16.2,19:28,52.8
Jake Guentzel,20202021,PIT,L,L,56,23,34,57,7,28,1.02,17,38,6,18,0,1,1,7,141,16.3,20:16,25
Alex DeBrincat,20202021,CHI,R,L,52,32,24,56,3,12,1.08,22,37,9,18,1,1,3,7,155,20.7,20:32,40
Ryan O'Reilly,20202021,STL,L,C,56,24,30,54,26,18,0.96,18,40,4,12,2,2,2,4,129,18.6,20:45,58.8
Nicklas Backstrom,20202021,WSH,L,C,55,15,38,53,0,14,0.96,10,31,5,22,0,0,0,0,91,16.5,18:36,48.3
Gabriel Landeskog,20202021,COL,L,L,54,20,32,52,14,34,0.96,11,37,9,15,0,0,2,8,155,12.9,19:57,56.6
Kirill Kaprizov,20202021,MIN,L,L,55,27,24,51,10,16,0.93,19,38,8,13,0,0,2,3,157,17.2,18:18,12.5
Joe Pavelski,20202021,DAL,R,C,56,25,26,51,22,16,0.91,12,30,13,21,0,0,0,4,139,18,19:01,52
Max Pacioretty,20202021,VGK,L,L,48,24,27,51,20,14,1.06,18,39,6,12,0,0,4,6,174,13.8,17:56,46.5
Kyle Connor,20202021,WPG,L,L,56,26,24,50,-4,12,0.89,16,37,10,13,0,0,0,5,166,15.7,18:44,60
Mika Zibanejad,20202021,NYR,R,C,56,24,26,50,2,18,0.89,12,32,10,14,2,4,1,7,171,14,20:06,46.3
John Tavares,20202021,TOR,L,C,56,19,31,50,12,14,0.89,13,38,6,12,0,0,0,2,163,11.7,18:12,55.3
Anze Kopitar,20202021,LAK,L,C,56,13,37,50,-7,10,0.89,10,27,3,23,0,0,0,4,118,11,21:11,57.3
Brock Boeser,20202021,VAN,R,R,56,23,26,49,-3,16,0.88,14,34,8,14,1,1,0,1,141,16.3,19:19,36.4
Evander Kane,20202021,SJS,L,L,56,22,27,49,-1,42,0.88,17,38,3,7,2,4,1,2,194,11.3,20:12,40.4
Johnny Gaudreau,20202021,CGY,L,L,56,19,30,49,2,6,0.88,12,30,7,19,0,0,2,5,112,17,18:25,0
Ryan Strome,20202021,NYR,R,C,56,14,35,49,6,39,0.88,11,29,3,18,0,2,0,1,128,10.9,18:16,43.2
Patrice Bergeron,20202021,BOS,R,C,54,23,25,48,27,16,0.89,13,31,7,13,3,4,1,3,182,12.6,18:13,62.3
Brayden Point,20202021,TBL,R,C,56,23,25,48,2,11,0.86,17,33,6,15,0,0,1,6,131,17.6,18:26,49.4
Pavel Buchnevich,20202021,NYR,L,L,54,20,28,48,12,42,0.89,16,36,1,8,3,4,0,2,120,16.7,18:44,22.2
David Pastrnak,20202021,BOS,R,R,48,20,28,48,10,24,1,14,34,6,14,0,0,0,3,176,11.4,18:37,28.6
Tyson Barrie,20202021,EDM,R,D,56,8,40,48,4,10,0.86,4,25,4,23,0,0,0,2,146,5.5,21:24,--
Elias Lindholm,20202021,CGY,R,C,56,19,28,47,10,22,0.84,13,30,6,16,0,1,1,4,130,14.6,19:54,51.4
Adam Fox,20202021,NYR,R,D,55,5,42,47,19,14,0.85,2,22,2,23,1,2,0,1,102,4.9,24:42,0
Nikolaj Ehlers,20202021,WPG,L,L,47,21,25,46,15,15,0.98,15,33,6,13,0,0,2,5,148,14.2,16:55,100
Blake Wheeler,20202021,WPG,R,R,50,15,31,46,-17,50,0.92,11,31,4,15,0,0,0,2,113,13.3,18:20,37.5
Ondrej Palat,20202021,TBL,L,L,55,15,31,46,1,26,0.84,8,26,7,20,0,0,0,6,111,13.5,17:27,0
J.T. Miller,20202021,VAN,L,C,53,15,31,46,-7,43,0.87,11,27,3,18,1,1,2,4,106,14.2,20:58,53
Mathew Barzal,20202021,NYI,R,C,55,17,28,45,15,48,0.82,16,37,1,8,0,0,0,1,134,12.7,18:43,43.4
Jason Robertson,20202021,DAL,L,L,51,17,28,45,13,16,0.88,16,39,1,6,0,0,1,3,127,13.4,16:53,71.4
Victor Hedman,20202021,TBL,L,D,54,9,36,45,5,28,0.83,8,21,1,24,0,0,2,2,136,6.6,25:03,--
Kris Letang,20202021,PIT,R,D,55,7,38,45,19,32,0.82,6,29,1,15,0,1,1,2,132,5.3,24:39,0
Tyler Toffoli,20202021,MTL,R,R,52,28,16,44,0,24,0.85,19,31,7,10,2,3,0,5,158,17.7,17:31,38.9
Andre Burakovsky,20202021,COL,L,L,53,19,25,44,4,10,0.83,15,30,4,14,0,0,1,3,102,18.6,15:06,50
Jonathan Marchessault,20202021,VGK,R,C,55,18,26,44,19,39,0.8,15,38,3,6,0,0,2,4,176,10.2,17:25,46.6
Oliver Bjorkstrand,20202021,CBJ,R,R,56,18,26,44,-15,23,0.79,16,38,2,6,0,0,0,0,143,12.6,17:37,42.9
John Carlson,20202021,WSH,R,D,52,10,34,44,-5,12,0.85,7,29,3,15,0,0,0,1,128,7.8,23:47,--
David Krejci,20202021,BOS,R,C,51,8,36,44,16,16,0.86,5,28,3,16,0,0,0,1,83,9.6,17:08,54.2
Cale Makar,20202021,COL,R,D,44,8,36,44,17,12,1,4,22,4,22,0,0,0,3,104,7.7,24:19,--
T.J. Oshie,20202021,WSH,R,R,53,22,21,43,-3,18,0.81,9,26,13,17,0,0,0,1,106,20.8,18:04,47.9
Phil Kessel,20202021,ARI,R,R,56,20,23,43,-17,12,0.77,16,30,4,13,0,0,1,3,115,17.4,17:05,25
Tomas Hertl,20202021,SJS,L,C,50,19,24,43,1,27,0.86,14,32,4,10,1,1,0,2,112,17,19:08,55.2
James van Riemsdyk,20202021,PHI,L,L,56,17,26,43,2,14,0.77,7,31,10,12,0,0,0,1,132,12.9,16:33,50
Vincent Trocheck,20202021,CAR,R,C,47,17,26,43,-3,20,0.91,10,25,7,18,0,0,0,2,123,13.8,18:14,56.1
Claude Giroux,20202021,PHI,R,R,54,16,27,43,-4,12,0.8,15,32,1,11,0,0,0,2,120,13.3,18:06,59.6
Matthew Tkachuk,20202021,CGY,L,L,56,16,27,43,6,55,0.77,12,28,4,15,0,0,0,0,151,10.6,18:09,42.9
Roope Hintz,20202021,DAL,L,C,41,15,28,43,13,4,1.05,9,25,6,18,0,0,0,1,92,16.3,18:14,49.3
Jakub Voracek,20202021,PHI,L,R,53,9,34,43,-12,18,0.81,9,35,0,8,0,0,1,2,104,8.7,16:55,41.2
Alex Ovechkin,20202021,WSH,R,L,45,24,18,42,-7,12,0.93,15,25,9,17,0,0,1,6,182,13.2,19:30,0
Bryan Rust,20202021,PIT,R,R,56,22,20,42,9,18,0.75,16,31,6,11,0,0,0,6,154,14.3,19:43,50
William Nylander,20202021,TOR,R,R,51,17,25,42,10,16,0.82,13,31,4,11,0,0,1,2,133,12.8,16:36,56.5
Andrei Svechnikov,20202021,CAR,L,R,55,15,27,42,1,44,0.76,11,25,4,17,0,0,0,1,147,10.2,17:32,33.3
Jeff Petry,20202021,MTL,R,D,55,12,30,42,6,20,0.76,8,26,4,15,0,1,0,2,128,9.4,22:44,--
Dougie Hamilton,20202021,CAR,R,D,55,10,32,42,20,35,0.76,7,23,2,18,1,1,1,2,180,5.6,22:43,--
Shea Theodore,20202021,VGK,L,D,53,8,34,42,28,14,0.79,8,27,0,15,0,0,0,0,161,5,22:33,--
Sean Couturier,20202021,PHI,L,C,45,18,23,41,-4,8,0.91,15,31,3,10,0,0,0,4,120,15,19:20,56.9
Jakob Chychrun,20202021,ARI,L,D,56,18,23,41,-6,42,0.73,13,27,5,14,0,0,1,3,176,10.2,23:23,--
Nick Suzuki,20202021,MTL,R,C,56,15,26,41,-5,26,0.73,9,26,5,13,1,2,0,1,110,13.6,18:11,44
Martin Necas,20202021,CAR,R,C,53,14,27,41,25,10,0.77,8,26,4,11,2,4,2,3,114,12.3,17:17,46.2
Quinn Hughes,20202021,VAN,L,D,56,3,38,41,-24,22,0.73,3,22,0,19,0,0,0,0,98,3.1,22:48,--
Sam Reinhart,20202021,BUF,R,C,54,25,15,40,-28,10,0.74,15,24,10,16,0,0,0,5,130,19.2,19:32,45.7
Kevin Fiala,20202021,MIN,L,L,50,20,20,40,-2,43,0.8,14,26,6,14,0,0,1,5,162,12.4,16:54,33.3
Bo Horvat,20202021,VAN,L,C,56,19,20,39,-6,23,0.7,11,27,7,11,1,1,1,3,131,14.5,19:53,52.9
Andrew Copp,20202021,WPG,L,C,55,15,24,39,2,20,0.71,9,26,6,12,0,1,0,1,115,13,18:15,53
William Karlsson,20202021,VGK,L,C,56,14,25,39,19,4,0.7,13,30,1,8,0,1,1,4,111,12.6,18:40,54
Conor Garland,20202021,ARI,R,R,49,12,27,39,-3,26,0.8,9,29,3,10,0,0,0,1,135,8.9,17:55,33.3
Joel Farabee,20202021,PHI,L,L,55,20,18,38,0,28,0.69,17,31,3,7,0,0,0,1,122,16.4,16:01,40
Dominik Kubalik,20202021,CHI,L,L,56,17,21,38,-3,18,0.68,13,24,4,14,0,0,1,1,156,10.9,15:31,0
Jordan Staal,20202021,CAR,L,C,53,16,22,38,2,30,0.72,9,23,7,14,0,1,1,4,103,15.5,18:29,58
Jakub Vrana,20202021,"WSH,DET",L,L,50,19,17,36,10,10,0.72,19,31,0,5,0,0,1,7,100,19,15:00,44.4
Carter Verhaeghe,20202021,FLA,L,C,43,18,18,36,24,31,0.84,16,33,1,2,1,1,0,3,107,16.8,17:44,46.9
Mike Hoffman,20202021,STL,L,C,52,17,19,36,2,10,0.69,10,19,7,17,0,0,2,3,113,15,15:04,66.7
Yanni Gourde,20202021,TBL,L,C,56,17,19,36,10,44,0.64,15,30,2,6,0,0,1,4,118,14.4,17:04,48.7
Brady Tkachuk,20202021,OTT,L,L,56,17,19,36,-17,69,0.64,12,26,5,10,0,0,1,3,220,7.7,18:14,47.4
Brayden Schenn,20202021,STL,L,C,56,16,20,36,-2,35,0.64,10,27,6,9,0,0,0,2,113,14.2,19:09,52.3
Darnell Nurse,20202021,EDM,L,D,56,16,20,36,27,57,0.64,15,29,1,7,0,0,1,2,154,10.4,25:38,--
John Klingberg,20202021,DAL,R,D,53,7,29,36,-15,23,0.68,5,19,2,17,0,0,0,1,108,6.5,22:42,--
MacKenzie Weegar,20202021,FLA,R,D,54,6,30,36,29,45,0.67,6,31,0,3,0,2,0,1,101,5.9,22:07,--
Connor Brown,20202021,OTT,R,R,56,21,14,35,1,12,0.63,15,26,1,4,5,5,0,1,123,17.1,18:15,44.4
Pavel Zacha,20202021,NJD,L,C,50,17,18,35,-11,10,0.7,12,24,5,11,0,0,2,4,103,16.5,17:09,51.5
Josh Norris,20202021,OTT,L,C,56,17,18,35,-12,13,0.63,11,21,6,14,0,0,1,2,96,17.7,16:28,52.4
Ryan Nugent-Hopkins,20202021,EDM,L,C,52,16,19,35,-4,22,0.67,7,15,9,20,0,0,0,2,135,11.9,20:46,45.6
Chandler Stephenson,20202021,VGK,L,C,51,14,21,35,22,29,0.69,11,28,2,5,1,2,0,5,83,16.9,18:06,50.4
Clayton Keller,20202021,ARI,L,R,56,14,21,35,-5,18,0.63,10,25,4,10,0,0,0,3,124,11.3,16:40,46.3
Jordan Kyrou,20202021,STL,R,C,55,14,21,35,1,12,0.64,14,32,0,3,0,0,0,2,98,14.3,14:25,50
Jamie Benn,20202021,DAL,L,L,52,11,24,35,13,33,0.67,8,26,3,9,0,0,2,2,124,8.9,17:47,56.1
Mats Zuccarello,20202021,MIN,L,R,42,11,24,35,9,8,0.83,8,29,3,6,0,0,0,0,74,14.9,16:41,34.4
Josh Bailey,20202021,NYI,L,R,54,8,27,35,12,4,0.65,8,26,0,9,0,0,0,1,77,10.4,17:30,43.8
Morgan Rielly,20202021,TOR,L,D,55,5,30,35,11,14,0.64,4,22,1,12,0,1,1,1,101,5,23:37,--
Nino Niederreiter,20202021,CAR,L,R,56,20,14,34,20,29,0.61,16,29,4,5,0,0,0,4,126,15.9,15:43,14.3
Steven Stamkos,20202021,TBL,R,C,38,17,17,34,4,16,0.89,7,18,10,15,0,1,0,1,91,18.7,18:16,57.2
Drake Batherson,20202021,OTT,R,R,56,17,17,34,-17,8,0.61,12,19,5,15,0,0,0,3,111,15.3,16:28,38.5
Cam Atkinson,20202021,CBJ,R,R,56,15,19,34,-16,4,0.61,10,21,1,9,4,4,0,2,158,9.5,18:56,23.3
Jack Roslovic,20202021,CBJ,R,C,48,12,22,34,-11,14,0.71,8,24,4,10,0,0,0,1,85,14.1,16:54,39.1
Travis Konecny,20202021,PHI,R,R,50,11,23,34,-5,26,0.68,7,23,4,11,0,0,0,1,100,11,15:54,33.3
Drew Doughty,20202021,LAK,R,D,56,8,26,34,-14,26,0.61,2,15,6,18,0,1,0,0,101,7.9,26:23,--
Brock Nelson,20202021,NYI,L,C,56,18,15,33,-5,14,0.59,11,24,7,9,0,0,0,4,121,14.9,17:50,49.4
Alex Tuch,20202021,VGK,R,R,55,18,15,33,16,28,0.6,16,29,2,4,0,0,0,3,142,12.7,16:50,37.5
Jordan Eberle,20202021,NYI,R,R,55,16,17,33,9,16,0.6,15,28,1,5,0,0,0,2,128,12.5,16:45,42.9
Max Comtois,20202021,ANA,L,L,55,16,17,33,3,40,0.6,15,29,1,4,0,0,0,3,94,17,15:28,35.3
Alex Killorn,20202021,TBL,L,L,56,15,18,33,-1,37,0.59,10,23,5,9,0,1,1,1,121,12.4,17:54,33.3
Zach Hyman,20202021,TOR,R,L,43,15,18,33,19,28,0.77,12,28,3,5,0,0,0,4,115,13,19:22,32.7
Tom Wilson,20202021,WSH,R,R,47,13,20,33,1,96,0.7,8,24,4,8,1,1,0,4,83,15.7,16:32,42.3
Taylor Hall,20202021,"BUF,BOS",L,L,53,10,23,33,-6,26,0.62,8,25,2,8,0,0,1,1,136,7.4,17:52,41.2
Roman Josi,20202021,NSH,L,D,48,8,25,33,-11,20,0.69,7,18,1,14,0,1,2,3,141,5.7,24:21,--
Andrew Mangiapane,20202021,CGY,L,L,56,18,14,32,1,24,0.57,15,26,2,5,1,1,0,4,91,19.8,16:40,11.8
Patric Hornqvist,20202021,FLA,R,R,44,14,18,32,-3,39,0.73,6,20,8,12,0,0,0,2,145,9.7,16:47,14.3
Jared McCann,20202021,PIT,L,L,43,14,18,32,17,8,0.74,7,22,7,10,0,0,0,3,93,15.1,14:07,43.4
Craig Smith,20202021,BOS,R,C,54,13,19,32,21,18,0.59,9,26,4,6,0,0,1,4,132,9.9,14:53,43.5
Victor Olofsson,20202021,BUF,L,L,56,13,19,32,-23,6,0.57,6,17,7,15,0,0,0,0,129,10.1,17:24,50
Filip Forsberg,20202021,NSH,R,L,39,12,20,32,-9,16,0.82,9,19,3,13,0,0,1,3,129,9.3,18:17,37.5
Nazem Kadri,20202021,COL,L,C,56,11,21,32,-7,34,0.57,8,23,3,9,0,0,0,3,170,6.5,16:28,52.8
Anthony Duclair,20202021,FLA,L,L,43,10,22,32,27,18,0.74,9,29,1,2,0,1,0,1,104,9.6,15:41,0
Nick Schmaltz,20202021,ARI,R,C,52,10,22,32,-1,16,0.62,7,25,3,7,0,0,0,1,105,9.5,17:03,42.8
Mikael Backlund,20202021,CGY,L,C,54,9,23,32,-7,30,0.59,8,24,0,6,1,2,0,1,144,6.3,17:36,52
Alec Martinez,20202021,VGK,L,D,53,9,23,32,26,12,0.6,6,23,3,9,0,0,0,2,85,10.6,22:34,--
Jordan Greenway,20202021,MIN,L,L,56,6,26,32,5,49,0.57,6,31,0,1,0,0,0,0,80,7.5,15:48,48.5
Samuel Girard,20202021,COL,L,D,48,5,27,32,15,16,0.67,5,23,0,9,0,0,0,0,79,6.3,23:13,--
Neal Pionk,20202021,WPG,R,D,54,3,29,32,6,20,0.59,2,22,1,10,0,0,0,0,100,3,21:58,--
Torey Krug,20202021,STL,L,D,51,2,30,32,11,25,0.63,1,19,1,13,0,0,0,0,110,1.8,22:33,--
Dustin Brown,20202021,LAK,R,R,49,17,14,31,-3,18,0.63,8,20,9,11,0,0,0,1,129,13.2,17:37,50
Logan Couture,20202021,SJS,L,C,53,17,14,31,-11,25,0.58,14,24,2,6,1,1,0,2,114,14.9,19:16,49.3
Joonas Donskoi,20202021,COL,R,R,51,17,14,31,14,10,0.61,12,23,5,8,0,0,0,3,86,19.8,14:32,41.9
Christian Dvorak,20202021,ARI,L,L,56,17,14,31,-11,12,0.55,8,19,8,11,1,1,0,4,95,17.9,18:24,52.1
Blake Coleman,20202021,TBL,L,C,55,14,17,31,15,37,0.56,12,29,1,1,1,1,1,3,122,11.5,15:28,22.2
Kevin Hayes,20202021,PHI,L,C,55,12,19,31,-2,22,0.56,9,22,3,9,0,0,1,2,127,9.5,17:31,49
Timo Meier,20202021,SJS,L,R,54,12,19,31,-5,22,0.57,10,21,2,10,0,0,0,0,155,7.7,16:03,28.6
Jack Hughes,20202021,NJD,L,C,56,11,20,31,-3,16,0.55,10,24,1,7,0,0,0,1,142,7.8,19:04,35.4
Devon Toews,20202021,COL,L,D,53,9,22,31,29,16,0.58,7,25,2,6,0,0,0,2,121,7.4,24:46,--
Thomas Chabot,20202021,OTT,L,D,49,6,25,31,-15,36,0.63,5,24,1,7,0,0,0,1,120,5,26:17,--
Nick Leddy,20202021,NYI,L,D,56,2,29,31,-3,8,0.55,1,20,1,11,0,0,1,1,79,2.5,21:35,--
Chris Kreider,20202021,NYR,L,L,50,20,10,30,-1,34,0.6,9,16,11,14,0,0,0,4,102,19.6,17:24,40
Joel Eriksson Ek,20202021,MIN,L,C,56,19,11,30,16,20,0.54,19,28,0,2,0,0,0,2,119,16,17:03,47.1
Jeff Carter,20202021,"LAK,PIT",R,C,54,17,13,30,3,22,0.56,15,25,2,5,0,0,0,1,154,11,16:34,48.7
Yegor Sharangovich,20202021,NJD,L,C,54,16,14,30,-4,4,0.56,13,27,2,2,1,1,1,3,114,14,16:48,28.3
Alex Iafallo,20202021,LAK,L,L,55,13,17,30,-8,4,0.55,9,22,4,8,0,0,0,2,118,11,19:53,28.6
Denis Gurianov,20202021,DAL,L,R,55,12,18,30,0,21,0.55,8,22,4,8,0,0,0,2,130,9.2,15:51,0
Kasperi Kapanen,20202021,PIT,R,R,40,11,19,30,15,7,0.75,10,26,1,4,0,0,1,3,68,16.2,15:32,0
Jason Spezza,20202021,TOR,R,C,54,10,20,30,3,6,0.56,9,25,1,5,0,0,0,2,81,12.4,11:02,56.9
Tomas Tatar,20202021,MTL,L,L,50,10,20,30,0,8,0.6,8,22,2,8,0,0,0,1,82,12.2,14:59,44.4
Jesper Bratt,20202021,NJD,L,L,46,7,23,30,4,8,0.65,5,21,2,8,0,1,1,1,101,6.9,16:05,33.3
Charlie McAvoy,20202021,BOS,R,D,51,5,25,30,22,38,0.59,4,21,1,8,0,1,0,0,92,5.4,24:00,--
Mikhail Sergachev,20202021,TBL,L,D,56,4,26,30,5,30,0.54,4,22,0,8,0,0,0,1,108,3.7,21:58,--
Alex Wennberg,20202021,FLA,L,C,56,17,12,29,6,8,0.52,13,22,3,6,1,1,1,2,82,20.7,18:10,49.2
Anthony Mantha,20202021,"DET,WSH",L,R,56,15,14,29,-14,25,0.52,12,25,3,4,0,0,0,0,138,10.9,18:07,43.9
Adrian Kempe,20202021,LAK,L,C,56,14,15,29,-18,28,0.52,9,14,4,14,1,1,1,2,127,11,16:56,39.7
Paul Stastny,20202021,WPG,L,C,56,13,16,29,-3,32,0.52,11,21,2,8,0,0,1,4,101,12.9,17:25,54.7
Tim Stützle,20202021,OTT,L,L,53,12,17,29,-18,14,0.55,8,20,4,9,0,0,0,2,111,10.8,15:44,29.6
Evgeny Kuznetsov,20202021,WSH,L,C,41,9,20,29,7,18,0.71,8,21,1,8,0,0,0,4,78,11.5,16:34,41.4
Brent Burns,20202021,SJS,R,D,56,7,22,29,-13,36,0.52,5,22,2,6,0,1,0,1,138,5.1,26:09,--
Anthony Beauvillier,20202021,NYI,L,L,47,15,13,28,15,12,0.6,12,24,3,4,0,0,2,5,109,13.8,16:24,28.6
Jean-Gabriel Pageau,20202021,NYI,R,C,54,14,14,28,10,10,0.52,7,18,5,8,2,2,0,3,81,17.3,16:47,56.7
Calle Jarnkrok,20202021,NSH,R,C,49,13,15,28,13,14,0.57,10,19,2,8,1,1,0,2,91,14.3,16:48,43.2
Kevin Labanc,20202021,SJS,R,R,55,12,16,28,-9,31,0.51,12,25,0,3,0,0,0,2,128,9.4,16:25,0
Sean Monahan,20202021,CGY,L,C,50,10,18,28,-6,10,0.56,6,19,4,9,0,0,0,5,98,10.2,17:41,49
Rickard Rakell,20202021,ANA,R,R,52,9,19,28,-14,12,0.54,9,24,0,4,0,0,0,1,144,6.3,17:50,33.3
Evgeni Malkin,20202021,PIT,L,C,33,8,20,28,-4,24,0.85,4,19,4,9,0,0,0,0,72,11.1,17:44,42.5
Seth Jones,20202021,CBJ,R,D,56,5,23,28,-18,26,0.5,3,20,2,8,0,0,1,1,141,3.6,25:14,--
Pius Suter,20202021,CHI,L,C,55,14,13,27,-5,14,0.49,13,24,1,3,0,0,1,3,112,12.5,16:20,42.6
Mikael Granlund,20202021,NSH,L,C,51,13,14,27,-1,14,0.53,8,20,5,7,0,0,0,1,74,17.6,19:28,51.8
Nils Hoglander,20202021,VAN,L,L,56,13,14,27,-4,16,0.48,12,26,1,1,0,0,0,1,118,11,15:27,50
Sam Bennett,20202021,"CGY,FLA",L,C,48,10,17,27,-2,52,0.56,9,24,1,3,0,0,1,4,106,9.4,14:25,47.5
Miro Heiskanen,20202021,DAL,L,D,55,8,19,27,-9,12,0.49,5,16,3,11,0,0,0,1,121,6.6,24:58,--
Jake Muzzin,20202021,TOR,L,D,53,4,23,27,21,29,0.51,2,24,1,2,1,1,0,0,103,3.9,21:35,--
Keith Yandle,20202021,FLA,L,D,56,3,24,27,-8,38,0.48,2,9,1,18,0,0,0,1,113,2.7,17:15,--
Justin Schultz,20202021,WSH,R,D,46,3,24,27,12,10,0.59,3,19,0,8,0,0,0,1,67,4.5,19:01,--
Mike Reilly,20202021,"OTT,BOS",L,D,55,0,27,27,5,22,0.49,0,23,0,4,0,0,0,0,98,0,19:17,--
Frank Vatrano,20202021,FLA,L,C,56,18,8,26,8,26,0.46,16,22,2,4,0,0,3,7,158,11.4,14:31,20
Nick Ritchie,20202021,BOS,L,L,56,15,11,26,-7,37,0.46,10,17,5,9,0,0,0,2,121,12.4,15:22,0
Marcus Foligno,20202021,MIN,L,L,39,11,15,26,19,49,0.67,10,25,0,0,1,1,0,2,40,27.5,14:58,18.2
Nick Bonino,20202021,MIN,L,C,55,10,16,26,0,26,0.47,7,21,3,5,0,0,0,2,66,15.2,14:51,52.8
Mark Giordano,20202021,CGY,L,D,56,9,17,26,5,14,0.46,5,18,4,8,0,0,0,2,142,6.3,22:57,--
Ivan Provorov,20202021,PHI,L,D,56,7,19,26,4,28,0.46,7,16,0,10,0,0,1,2,126,5.6,25:00,--
Filip Hronek,20202021,DET,R,D,56,2,24,26,-18,16,0.46,2,15,0,11,0,0,0,0,114,1.8,23:23,--
Miles Wood,20202021,NJD,L,L,55,17,8,25,-6,29,0.45,14,22,3,3,0,0,0,2,127,13.4,14:59,35
Jesse Puljujarvi,20202021,EDM,R,R,55,15,10,25,6,16,0.45,13,21,2,4,0,0,0,0,115,13,15:08,0
Reilly Smith,20202021,VGK,L,R,53,14,11,25,10,18,0.47,8,18,4,5,2,2,1,1,124,11.3,17:52,0
Mason Appleton,20202021,WPG,R,C,56,12,13,25,11,14,0.45,12,24,0,0,0,1,0,1,88,13.6,14:25,53.9
Viktor Arvidsson,20202021,NSH,R,L,50,10,15,25,9,21,0.5,8,22,2,3,0,0,0,2,151,6.6,16:36,33.3
Janne Kuokkanen,20202021,NJD,L,C,50,8,17,25,-11,14,0.5,7,21,1,4,0,0,0,1,61,13.1,14:46,11.1
Jared Spurgeon,20202021,MIN,R,D,54,7,18,25,-2,6,0.46,4,16,3,9,0,0,0,0,94,7.5,22:05,--
Justin Faulk,20202021,STL,R,D,56,7,18,25,11,35,0.45,6,18,1,5,0,2,1,2,117,6,24:16,--
Brett Pesce,20202021,CAR,R,D,55,4,21,25,14,20,0.45,3,20,1,5,0,0,0,0,89,4.5,22:48,--
Josh Anderson,20202021,MTL,R,R,52,17,7,24,-10,38,0.46,15,21,1,2,1,1,0,5,125,13.6,16:25,58.3
Brandon Saad,20202021,COL,L,L,44,15,9,24,1,12,0.55,13,21,2,3,0,0,0,1,68,22.1,14:06,43.6
Patrik Laine,20202021,"WPG,CBJ",R,L,46,12,12,24,-28,25,0.52,8,17,4,7,0,0,1,1,82,14.6,17:27,24
Mattias Janmark,20202021,"CHI,VGK",L,C,56,11,13,24,-12,10,0.43,6,16,4,7,1,1,0,0,95,11.6,17:06,32.3
Adam Lowry,20202021,WPG,L,C,52,10,14,24,6,13,0.46,9,21,0,2,1,1,0,3,80,12.5,15:32,50.5
Max Domi,20202021,CBJ,L,C,54,9,15,24,-18,75,0.44,7,21,2,3,0,0,1,2,99,9.1,15:13,48.5
Brandon Hagel,20202021,CHI,L,L,52,9,15,24,-7,11,0.46,9,20,0,3,0,1,2,2,91,9.9,13:59,39.1
Phillip Danault,20202021,MTL,L,C,53,5,19,24,9,24,0.45,5,23,0,0,0,1,0,0,73,6.9,16:52,52.5
Oliver Ekman-Larsson,20202021,ARI,L,D,46,3,21,24,-17,32,0.52,1,10,2,14,0,0,0,0,83,3.6,20:58,--
Brendan Gallagher,20202021,MTL,R,R,35,14,9,23,10,16,0.66,11,20,3,3,0,0,0,2,106,13.2,15:01,54.8
Milan Lucic,20202021,CGY,L,L,56,10,13,23,-8,46,0.41,8,21,2,2,0,0,0,0,74,13.5,13:38,27.3
Victor Rask,20202021,MIN,L,C,54,10,13,23,1,2,0.43,9,17,1,6,0,0,1,1,53,18.9,14:27,45.4
Andreas Athanasiou,20202021,LAK,L,C,47,10,13,23,-6,27,0.49,10,22,0,1,0,0,0,1,85,11.8,14:57,100
Trevor Moore,20202021,LAK,L,C,56,10,13,23,-5,18,0.41,7,19,1,2,2,2,0,0,88,11.4,14:32,33.3
Gabriel Vilardi,20202021,LAK,R,C,54,10,13,23,-8,6,0.43,7,19,3,4,0,0,0,3,65,15.4,14:45,45.9
Jonas Brodin,20202021,MIN,L,D,53,9,14,23,2,18,0.43,8,21,1,2,0,0,1,2,79,11.4,22:26,--
Dylan Larkin,20202021,DET,L,C,44,9,14,23,-14,34,0.52,8,17,1,6,0,0,0,0,134,6.7,20:24,49.5
Lars Eller,20202021,WSH,L,C,44,8,15,23,-1,21,0.52,8,19,0,4,0,0,0,2,69,11.6,16:21,50.4
Alexander Kerfoot,20202021,TOR,L,C,56,8,15,23,2,12,0.41,7,20,0,2,1,1,0,1,68,11.8,14:27,40.8
Alex Pietrangelo,20202021,VGK,R,D,41,7,16,23,20,16,0.56,7,18,0,4,0,1,1,2,126,5.6,24:26,--
Mattias Ekholm,20202021,NSH,L,D,48,6,17,23,19,14,0.48,6,20,0,2,0,1,0,2,110,5.5,22:52,--
Cam Fowler,20202021,ANA,L,D,56,5,18,23,-4,18,0.41,5,19,0,4,0,0,0,1,75,6.7,21:46,--
Rasmus Dahlin,20202021,BUF,L,D,56,5,18,23,-36,26,0.41,4,12,1,11,0,0,0,0,115,4.4,21:36,--
Jonathan Drouin,20202021,MTL,L,L,44,2,21,23,-8,20,0.52,2,18,0,5,0,0,0,0,76,2.6,16:05,46.7
Ty Smith,20202021,NJD,L,D,48,2,21,23,-9,22,0.48,1,16,1,7,0,0,0,0,69,2.9,20:07,--
Conor Sheary,20202021,WSH,L,L,53,14,8,22,-1,14,0.42,13,19,1,3,0,0,1,1,88,15.9,13:43,30
Colin Blackwell,20202021,NYR,R,C,47,12,10,22,2,15,0.47,9,17,3,5,0,0,0,2,64,18.8,14:00,48.4
Aaron Ekblad,20202021,FLA,R,D,35,11,11,22,5,33,0.63,5,11,6,11,0,0,1,3,101,10.9,25:05,--
Dillon Dube,20202021,CGY,L,C,51,11,11,22,-1,20,0.43,9,20,2,2,0,0,0,0,84,13.1,13:38,52.9
Eeli Tolvanen,20202021,NSH,L,R,40,11,11,22,-10,4,0.55,5,10,6,12,0,0,1,4,65,16.9,14:48,16.7
Casey Mittelstadt,20202021,BUF,L,C,41,10,12,22,-10,10,0.54,6,14,3,6,1,2,0,2,61,16.4,15:53,49
Anthony Cirelli,20202021,TBL,L,C,50,9,13,22,0,10,0.44,6,16,1,4,2,2,0,3,75,12,17:45,49.1
Erik Karlsson,20202021,SJS,R,D,52,8,14,22,-18,18,0.42,5,13,3,8,0,1,0,1,110,7.3,23:36,--
Tyler Johnson,20202021,TBL,R,C,55,8,14,22,-1,16,0.4,6,19,2,3,0,0,0,1,77,10.4,13:40,54.8
Dmitry Orlov,20202021,WSH,L,D,51,8,14,22,16,20,0.43,8,20,0,2,0,0,1,2,83,9.6,19:49,--
Filip Chytil,20202021,NYR,L,C,42,8,14,22,9,10,0.52,8,22,0,0,0,0,0,0,76,10.5,13:14,42.8
Ryan Johansen,20202021,NSH,R,C,48,7,15,22,0,22,0.46,4,15,3,7,0,0,0,0,67,10.5,16:57,51.6
Teddy Blueger,20202021,PIT,L,C,43,7,15,22,10,16,0.51,4,19,0,0,3,3,0,1,49,14.3,14:51,48.7
Ryan Hartman,20202021,MIN,R,R,51,7,15,22,0,33,0.43,6,17,0,3,1,2,0,2,74,9.5,15:04,41.5
Alex Goligoski,20202021,ARI,L,D,56,3,19,22,2,14,0.39,3,15,0,7,0,0,0,0,72,4.2,23:00,--
Adam Henrique,20202021,ANA,L,C,45,12,9,21,-8,11,0.47,11,18,1,2,0,1,2,2,77,15.6,16:02,55.4
Oliver Wahlstrom,20202021,NYI,R,R,44,12,9,21,2,21,0.48,8,11,4,10,0,0,0,1,94,12.8,12:23,41.7
Alexis Lafrenière,20202021,NYR,L,L,56,12,9,21,-7,8,0.38,12,21,0,0,0,0,1,4,67,17.9,13:53,41.9
Kyle Palmieri,20202021,"NJD,NYI",R,R,51,10,11,21,-5,20,0.41,7,14,2,6,1,1,0,2,115,8.7,16:34,40
Valeri Nichushkin,20202021,COL,L,R,55,10,11,21,9,4,0.38,9,19,0,1,1,1,1,4,98,10.2,14:05,33.3
Elias Pettersson,20202021,VAN,L,C,26,10,11,21,0,6,0.81,6,15,4,5,0,1,0,1,63,15.9,18:34,45
Corey Perry,20202021,MTL,R,R,49,9,12,21,-4,39,0.43,8,14,1,7,0,0,0,1,62,14.5,13:44,0
Erik Haula,20202021,NSH,L,L,51,9,12,21,4,14,0.41,6,16,1,3,2,2,1,2,85,10.6,16:00,55.1
Pierre-Luc Dubois,20202021,"CBJ,WPG",L,L,46,9,12,21,-8,38,0.46,8,15,1,6,0,0,2,3,76,11.8,15:02,43.5
Jaden Schwartz,20202021,STL,L,C,40,8,13,21,2,20,0.53,7,18,1,3,0,0,0,1,71,11.3,17:42,53.9
Kailer Yamamoto,20202021,EDM,R,R,52,8,13,21,9,26,0.4,7,18,1,2,0,1,0,0,69,11.6,16:22,0
Tyler Myers,20202021,VAN,R,D,55,6,15,21,-8,51,0.38,5,16,0,3,1,2,0,3,109,5.5,22:05,--
Matt Dumba,20202021,MIN,R,D,51,6,15,21,1,46,0.41,5,16,1,5,0,0,1,1,89,6.7,22:17,--
Rasmus Andersson,20202021,CGY,R,D,56,5,16,21,-9,34,0.38,4,15,1,6,0,0,0,0,96,5.2,21:13,--
Josh Morrissey,20202021,WPG,L,D,56,4,17,21,-1,25,0.38,3,12,1,9,0,0,0,0,116,3.5,23:33,--
Damon Severson,20202021,NJD,R,D,56,3,18,21,-8,29,0.38,3,16,0,4,0,1,0,0,91,3.3,22:29,--
Evgenii Dadonov,20202021,OTT,L,R,55,13,7,20,-9,4,0.36,13,19,0,1,0,0,1,3,89,14.6,15:35,0
Daniel Sprong,20202021,WSH,R,R,42,13,7,20,7,12,0.48,13,20,0,0,0,0,0,3,74,17.6,11:40,50
Adam Erne,20202021,DET,L,L,45,11,9,20,-1,26,0.44,8,14,3,6,0,0,0,0,71,15.5,13:55,58.8
Warren Foegele,20202021,CAR,L,L,53,10,10,20,4,20,0.38,10,20,0,0,0,0,0,1,91,11,14:09,51.4
Scott Laughton,20202021,PHI,L,C,53,9,11,20,13,39,0.38,8,19,0,0,1,1,1,1,89,10.1,15:25,49
Shayne Gostisbehere,20202021,PHI,L,D,41,9,11,20,-2,6,0.49,4,11,5,9,0,0,0,0,85,10.6,19:56,--
Travis Zajac,20202021,"NJD,NYI",R,C,46,8,12,20,-1,6,0.43,8,19,0,1,0,0,0,2,50,16,16:25,51.4
Derick Brassard,20202021,ARI,L,C,53,8,12,20,-10,12,0.38,4,14,4,6,0,0,0,1,67,11.9,14:48,52.6
Nick Foligno,20202021,"CBJ,TOR",L,L,49,7,13,20,2,32,0.41,6,15,1,2,0,3,0,0,81,8.6,17:46,44.8
Zach Werenski,20202021,CBJ,L,D,35,7,13,20,-9,13,0.57,7,15,0,5,0,0,1,1,79,8.9,24:22,--
Troy Terry,20202021,ANA,R,R,48,7,13,20,-1,18,0.42,7,20,0,0,0,0,0,0,69,10.1,14:42,50
Barclay Goodrow,20202021,TBL,L,C,55,6,14,20,16,52,0.36,6,20,0,0,0,0,0,1,72,8.3,15:07,50
Ryan Donato,20202021,SJS,L,C,50,6,14,20,-11,10,0.4,4,14,2,6,0,0,0,1,104,5.8,12:36,42.9
Vince Dunn,20202021,STL,L,D,43,6,14,20,-8,18,0.47,4,13,2,7,0,0,0,0,73,8.2,19:15,--
Joe Thornton,20202021,TOR,L,C,44,5,15,20,6,14,0.45,5,15,0,5,0,0,0,0,42,11.9,13:43,57.4
Matt Grzelcyk,20202021,BOS,L,D,37,5,15,20,11,22,0.54,4,13,1,7,0,0,0,1,80,6.3,19:45,--
Nicholas Paul,20202021,OTT,L,L,56,5,15,20,5,19,0.36,4,14,0,2,1,4,0,0,105,4.8,16:05,52.1
Jesperi Kotkaniemi,20202021,MTL,L,C,56,5,15,20,-1,12,0.36,5,16,0,4,0,0,0,1,87,5.8,14:48,47.9
Justin Holl,20202021,TOR,R,D,55,2,18,20,16,25,0.36,2,19,0,0,0,1,1,1,57,3.5,21:04,--
Anders Lee,20202021,NYI,L,L,27,12,7,19,11,12,0.7,9,15,3,4,0,0,0,3,80,15,17:32,49.2
Mathieu Joseph,20202021,TBL,L,R,56,12,7,19,3,10,0.34,11,17,1,2,0,0,0,2,59,20.3,10:56,38.4
Luke Kunin,20202021,NSH,R,C,38,10,9,19,3,13,0.5,10,19,0,0,0,0,0,2,71,14.1,13:59,33.3
Mathieu Perreault,20202021,WPG,L,C,56,9,10,19,6,16,0.34,7,15,2,4,0,0,0,0,57,15.8,11:43,38.5
Shea Weber,20202021,MTL,R,D,48,6,13,19,-4,33,0.4,2,8,4,11,0,0,0,1,104,5.8,22:42,--
Jesper Fast,20202021,CAR,R,R,46,6,13,19,-4,14,0.41,5,15,1,4,0,0,0,1,38,15.8,15:18,34.2
Chris Tierney,20202021,OTT,L,C,55,6,13,19,-12,8,0.35,6,18,0,0,0,1,0,3,53,11.3,14:59,45.6
Filip Zadina,20202021,DET,L,R,49,6,13,19,-4,0,0.39,3,13,3,6,0,0,0,1,97,6.2,16:48,33.3
P.K. Subban,20202021,NJD,R,D,44,5,14,19,-16,26,0.43,3,14,2,5,0,0,0,0,99,5.1,22:22,--
Ryan Suter,20202021,MIN,L,D,56,3,16,19,9,12,0.34,2,13,1,6,0,0,0,0,86,3.5,22:11,--
Brenden Dillon,20202021,WSH,L,D,56,2,17,19,15,49,0.34,2,17,0,1,0,1,0,0,51,3.9,18:57,--
Tanner Pearson,20202021,VAN,L,L,51,10,8,18,-15,26,0.35,8,14,2,3,0,1,0,2,110,9.1,17:04,37.5
J.T. Compher,20202021,COL,R,L,48,10,8,18,10,19,0.38,9,16,1,2,0,0,0,2,47,21.3,14:13,45.9
Robby Fabbri,20202021,DET,L,C,30,10,8,18,3,16,0.6,10,16,0,2,0,0,0,5,58,17.2,17:16,43.7
Colin White,20202021,OTT,R,C,45,10,8,18,-6,16,0.4,8,14,2,4,0,0,0,0,69,14.5,14:41,42.3
Jason Zucker,20202021,PIT,L,L,38,9,9,18,-8,21,0.47,8,14,1,4,0,0,0,1,67,13.4,15:41,30
Tomas Nosek,20202021,VGK,L,L,38,8,10,18,7,10,0.47,8,17,0,1,0,0,0,2,59,13.6,13:00,51.7
Eric Robinson,20202021,CBJ,L,L,56,8,10,18,6,4,0.32,7,17,0,0,1,1,0,2,75,10.7,12:24,50
Zach Parise,20202021,MIN,L,L,45,7,11,18,7,6,0.4,7,16,0,2,0,0,0,3,90,7.8,13:57,41.5
Brandon Montour,20202021,"BUF,FLA",R,D,50,7,11,18,-5,40,0.36,5,15,0,1,2,2,0,0,94,7.5,20:29,--
Owen Tippett,20202021,FLA,R,R,45,7,11,18,-5,6,0.4,5,15,2,3,0,0,0,2,86,8.1,11:29,66.7
Garnet Hathaway,20202021,WSH,R,R,56,6,12,18,7,66,0.32,6,17,0,0,0,1,0,0,62,9.7,12:19,41.7
Ryan Ellis,20202021,NSH,R,D,35,5,13,18,1,10,0.51,3,14,2,4,0,0,0,0,75,6.7,23:46,--
Nick Cousins,20202021,NSH,L,C,52,5,13,18,4,41,0.35,5,14,0,4,0,0,0,1,60,8.3,13:22,52.8
Erik Cernak,20202021,TBL,R,D,46,5,13,18,8,38,0.39,5,18,0,0,0,0,0,0,85,5.9,19:47,--
Sean Walker,20202021,LAK,R,D,47,5,13,18,-13,18,0.38,5,17,0,1,0,0,0,0,92,5.4,18:10,--
Pat Maroon,20202021,TBL,L,L,55,4,14,18,2,60,0.33,2,14,2,4,0,0,0,0,46,8.7,11:36,16.7
Rasmus Ristolainen,20202021,BUF,R,D,49,4,14,18,-18,36,0.37,3,11,1,7,0,0,0,0,73,5.5,22:17,--
Jack Eichel,20202021,BUF,R,C,21,2,16,18,-9,6,0.86,1,9,1,9,0,0,0,1,61,3.3,20:30,49.7
Nico Sturm,20202021,MIN,L,C,50,11,6,17,10,17,0.34,11,17,0,0,0,0,0,2,64,17.2,10:51,51.5
Dylan Strome,20202021,CHI,L,C,40,9,8,17,-16,14,0.43,5,10,4,7,0,0,0,1,71,12.7,15:31,47
Kaapo Kakko,20202021,NYR,L,R,48,9,8,17,3,10,0.35,7,14,2,3,0,0,0,0,81,11.1,14:21,42.9
Boone Jenner,20202021,CBJ,L,C,41,8,9,17,-9,6,0.41,6,15,1,1,1,1,0,0,79,10.1,18:00,55.1
Vladislav Namestnikov,20202021,DET,L,C,53,8,9,17,-5,24,0.32,8,17,0,0,0,0,0,0,87,9.2,16:11,39.1
Rudolfs Balcers,20202021,SJS,L,L,41,8,9,17,-6,16,0.41,8,16,0,1,0,0,0,2,66,12.1,14:43,0
Carl Soderberg,20202021,"CHI,COL",L,C,45,7,10,17,-5,18,0.38,3,11,4,5,0,1,0,1,61,11.5,14:25,51.4
Tyson Jost,20202021,COL,L,C,54,7,10,17,14,24,0.31,7,17,0,0,0,0,0,1,92,7.6,14:07,46.8
Ilya Mikheyev,20202021,TOR,L,R,54,7,10,17,5,6,0.31,7,16,0,0,0,1,0,2,107,6.5,14:13,100
Nick Bjugstad,20202021,MIN,R,C,44,6,11,17,7,17,0.39,6,16,0,1,0,0,0,3,78,7.7,11:49,46.3
Ryan Getzlaf,20202021,ANA,R,C,48,5,12,17,-14,43,0.35,2,13,3,4,0,0,1,1,70,7.1,16:35,51.8
Tyler Bozak,20202021,STL,R,C,31,5,12,17,-3,10,0.55,2,10,1,4,2,3,0,0,35,14.3,14:55,56.8
Gustav Forsling,20202021,FLA,L,D,43,5,12,17,17,8,0.4,4,13,1,4,0,0,0,0,94,5.3,19:57,--
Nicolas Hague,20202021,VGK,L,D,52,5,12,17,14,31,0.33,5,17,0,0,0,0,0,0,78,6.4,16:00,--
Cody Ceci,20202021,PIT,R,D,53,4,13,17,18,10,0.32,4,17,0,0,0,0,0,1,58,6.9,18:31,--
Nikita Zaitsev,20202021,OTT,R,D,55,4,13,17,-13,26,0.31,4,16,0,0,0,1,0,1,70,5.7,22:44,--
Ryan Pulock,20202021,NYI,R,D,56,2,15,17,15,8,0.3,2,16,0,1,0,0,1,1,121,1.7,22:26,--
Carson Soucy,20202021,MIN,L,D,50,1,16,17,22,51,0.34,1,17,0,0,0,0,0,1,47,2.1,15:17,--
Mario Ferraro,20202021,SJS,L,D,56,1,16,17,-6,22,0.3,1,13,0,4,0,0,0,0,58,1.7,22:26,--
Zach Sanford,20202021,STL,L,L,52,10,6,16,-13,25,0.31,6,11,3,3,1,2,0,3,67,14.9,14:53,41.2
Alex Chiasson,20202021,EDM,R,R,45,9,7,16,-10,33,0.36,4,9,5,7,0,0,0,1,65,13.9,12:29,40
Jakob Silfverberg,20202021,ANA,R,R,47,8,8,16,-17,18,0.34,5,12,2,3,1,1,0,0,91,8.8,16:57,40.9
Philipp Kurashev,20202021,CHI,L,C,54,8,8,16,-9,12,0.3,6,11,2,5,0,0,0,1,65,12.3,13:05,41.1
Brandon Tanev,20202021,PIT,L,L,32,7,9,16,12,22,0.5,6,14,0,0,1,2,0,0,43,16.3,14:26,27.3
Carl Hagelin,20202021,WSH,L,L,56,6,10,16,7,19,0.29,5,15,0,0,1,1,0,0,85,7.1,14:06,23.1
Charlie Coyle,20202021,BOS,R,C,51,6,10,16,-4,20,0.31,5,13,0,2,1,1,0,2,79,7.6,16:17,48.3
Paul Byron,20202021,MTL,L,L,46,5,11,16,5,12,0.35,4,15,0,0,1,1,0,1,44,11.4,12:51,42.3
Mike Matheson,20202021,PIT,L,D,44,5,11,16,9,28,0.36,5,15,0,1,0,0,0,1,86,5.8,18:38,--
Esa Lindell,20202021,DAL,L,D,56,5,11,16,11,19,0.29,4,13,0,2,1,1,0,0,100,5,23:11,--
Adam Boqvist,20202021,CHI,R,D,35,2,14,16,-7,14,0.46,1,8,1,8,0,0,0,0,39,5.1,16:59,--
Ryan Lindgren,20202021,NYR,L,D,51,1,15,16,20,35,0.31,1,15,0,0,0,1,0,0,65,1.5,20:00,--
Nic Dowd,20202021,WSH,R,C,56,11,4,15,4,31,0.27,11,15,0,0,0,0,0,3,68,16.2,14:22,56.3
Michael McLeod,20202021,NJD,R,C,52,9,6,15,-12,42,0.29,9,15,0,0,0,0,0,2,60,15,13:49,51.5
Zach Aston-Reese,20202021,PIT,L,C,45,9,6,15,10,15,0.33,8,14,0,0,1,1,0,0,79,11.4,14:37,38.9
Dominik Kahun,20202021,EDM,L,C,48,9,6,15,-3,2,0.31,9,14,0,1,0,0,1,2,69,13,12:49,53.3
Colton Sissons,20202021,NSH,R,C,54,8,7,15,2,18,0.28,7,13,0,0,1,2,0,0,58,13.8,14:21,54
Sammy Blais,20202021,STL,L,L,36,8,7,15,0,12,0.42,8,15,0,0,0,0,0,2,31,25.8,12:04,75
Sam Gagner,20202021,DET,R,C,42,7,8,15,-4,15,0.36,6,14,1,1,0,0,0,1,88,8,15:26,46.1
Jason Dickinson,20202021,DAL,L,C,51,7,8,15,-2,18,0.29,7,14,0,1,0,0,1,2,66,10.6,16:12,46.3
Valtteri Filppula,20202021,DET,L,C,38,6,9,15,-1,12,0.39,6,15,0,0,0,0,0,1,25,24,15:36,45
Derek Grant,20202021,ANA,L,C,46,6,9,15,-4,25,0.33,5,14,0,0,1,1,0,1,66,9.1,14:34,51.1
Luke Glendening,20202021,DET,R,C,54,6,9,15,3,20,0.28,6,15,0,0,0,0,0,1,67,9,14:48,60.9
William Carrier,20202021,VGK,L,L,52,6,9,15,0,16,0.29,6,15,0,0,0,0,0,0,65,9.2,10:25,37.5
Nicolas Roy,20202021,VGK,R,C,50,6,9,15,9,14,0.3,6,15,0,0,0,0,0,1,52,11.5,13:01,44.8
Teuvo Teravainen,20202021,CAR,L,L,21,5,10,15,5,4,0.71,5,13,0,2,0,0,0,2,49,10.2,16:26,65
Nate Schmidt,20202021,VAN,L,D,54,5,10,15,-7,4,0.28,5,14,0,0,0,1,0,1,76,6.6,20:06,--
Duncan Keith,20202021,CHI,L,D,54,4,11,15,-13,30,0.28,3,9,1,6,0,0,0,1,110,3.6,23:25,--
Noah Hanifin,20202021,CGY,L,D,47,4,11,15,-2,18,0.32,4,12,0,3,0,0,0,1,89,4.5,20:01,--
Alexandre Texier,20202021,CBJ,L,C,49,4,11,15,-13,22,0.31,4,15,0,0,0,0,0,0,75,5.3,15:50,36
Connor Murphy,20202021,CHI,R,D,50,3,12,15,1,35,0.3,2,13,1,1,0,1,0,1,78,3.9,22:09,--
Jaccob Slavin,20202021,CAR,L,D,52,3,12,15,22,2,0.29,3,13,0,1,0,1,0,0,101,3,22:59,--
Travis Sanheim,20202021,PHI,L,D,55,3,12,15,-22,23,0.27,3,15,0,0,0,0,1,1,100,3,21:53,--
Kevin Shattenkirk,20202021,ANA,R,D,55,2,13,15,-8,28,0.27,1,10,1,5,0,0,0,0,93,2.2,21:12,--
Scott Mayfield,20202021,NYI,R,D,56,2,13,15,2,38,0.27,2,15,0,0,0,0,0,0,79,2.5,19:29,--
Ryan Graves,20202021,COL,L,D,54,2,13,15,15,55,0.28,2,15,0,0,0,0,0,0,101,2,19:03,--
Johan Larsson,20202021,ARI,L,L,52,8,6,14,-13,24,0.27,8,14,0,0,0,0,0,2,58,13.8,13:59,48.6
Oskar Lindblom,20202021,PHI,L,L,50,8,6,14,-9,9,0.28,8,14,0,0,0,0,0,1,58,13.8,13:11,60
Kevin Rooney,20202021,NYR,L,C,54,8,6,14,0,54,0.26,6,12,0,0,2,2,0,0,62,12.9,12:21,45
Tage Thompson,20202021,BUF,R,R,38,8,6,14,-6,17,0.37,6,11,2,3,0,0,0,0,96,8.3,13:52,25
Bobby Ryan,20202021,DET,R,R,33,7,7,14,-14,27,0.42,6,11,1,3,0,0,0,0,73,9.6,15:19,31.3
Casey Cizikas,20202021,NYI,L,C,56,7,7,14,-2,27,0.25,7,14,0,0,0,0,0,3,72,9.7,13:50,53.2
Jeff Skinner,20202021,BUF,L,L,53,7,7,14,-11,14,0.26,6,13,1,1,0,0,0,0,111,6.3,14:31,46.7
Joel Armia,20202021,MTL,R,R,41,7,7,14,10,10,0.34,5,11,1,1,1,2,0,0,73,9.6,14:42,27.3
Danton Heinen,20202021,ANA,L,L,43,7,7,14,-9,0,0.33,6,13,1,1,0,0,0,1,76,9.2,14:46,14.3
Evan Rodrigues,20202021,PIT,R,C,35,7,7,14,-3,6,0.4,5,12,2,2,0,0,0,1,65,10.8,14:06,42.2
Marcus Johansson,20202021,MIN,L,L,36,6,8,14,-10,4,0.39,4,8,2,6,0,0,1,3,46,13,15:56,37.7
Jamie Oleksiak,20202021,DAL,L,D,56,6,8,14,-3,35,0.25,6,14,0,0,0,0,0,2,84,7.1,20:29,--
Radek Faksa,20202021,DAL,L,C,55,6,8,14,-15,30,0.25,4,11,1,2,1,1,0,0,94,6.4,17:26,55.8
Jake DeBrusk,20202021,BOS,L,L,41,5,9,14,1,6,0.34,3,11,2,3,0,0,0,1,92,5.4,14:54,40
Blake Comeau,20202021,DAL,R,L,51,4,10,14,-13,37,0.27,4,12,0,0,0,2,0,0,76,5.3,15:44,48.2
Brian Dumoulin,20202021,PIT,L,D,41,4,10,14,18,12,0.34,4,13,0,0,0,1,0,0,50,8,22:21,--
Vladimir Tarasenko,20202021,STL,L,R,24,4,10,14,-7,0,0.58,2,8,2,6,0,0,0,0,65,6.2,17:25,--
Adam Pelech,20202021,NYI,L,D,56,4,10,14,15,18,0.25,3,12,0,0,1,2,0,0,82,4.9,21:03,--
Noah Dobson,20202021,NYI,R,D,46,3,11,14,1,8,0.3,3,9,0,5,0,0,0,0,69,4.4,16:24,--
Artem Zub,20202021,OTT,R,D,47,3,11,14,4,26,0.3,3,14,0,0,0,0,0,1,39,7.7,18:23,--
Nick Jensen,20202021,WSH,R,D,53,2,12,14,5,14,0.26,2,14,0,0,0,0,0,0,60,3.3,17:18,--
TJ Brodie,20202021,TOR,L,D,56,1,13,14,23,12,0.25,1,11,0,3,0,0,0,0,48,2.1,21:33,--
Ryan Murray,20202021,NJD,L,D,48,0,14,14,3,8,0.29,0,14,0,0,0,0,0,0,29,0,18:37,--
Rocco Grimaldi,20202021,NSH,R,R,40,10,3,13,-3,4,0.33,9,12,0,0,1,1,0,2,62,16.1,12:49,0
Michael Bunting,20202021,ARI,L,L,21,10,3,13,-1,12,0.62,7,10,3,3,0,0,0,1,38,26.3,16:42,58.3
Ryan Dzingel,20202021,"CAR,OTT",L,C,40,8,5,13,-5,21,0.33,6,10,2,3,0,0,0,0,48,16.7,12:42,25
Brock McGinn,20202021,CAR,L,L,37,8,5,13,0,6,0.35,7,12,0,0,1,1,0,1,58,13.8,14:59,21.4
Josh Archibald,20202021,EDM,R,R,52,7,6,13,2,37,0.25,7,13,0,0,0,0,0,0,62,11.3,13:33,50
Artturi Lehkonen,20202021,MTL,L,L,47,7,6,13,-2,6,0.28,5,10,0,0,2,3,0,0,78,9,13:25,38.5
Curtis Lazar,20202021,"BUF,BOS",R,C,50,7,6,13,-6,6,0.26,7,13,0,0,0,0,0,1,55,12.7,13:19,47.8
Alexander Volkov,20202021,"TBL,ANA",L,R,37,7,6,13,1,6,0.35,7,12,0,1,0,0,0,0,35,20,11:39,40
Matt Duchene,20202021,NSH,L,C,34,6,7,13,-12,6,0.38,5,10,1,3,0,0,0,0,73,8.2,15:50,53.8
Eric Staal,20202021,"BUF,MTL",L,C,53,5,8,13,-30,10,0.25,4,10,1,3,0,0,1,1,82,6.1,14:43,49
Alex Galchenyuk,20202021,"OTT,TOR",L,C,34,5,8,13,-8,20,0.38,4,12,1,1,0,0,0,0,62,8.1,12:42,50
Michael Del Zotto,20202021,CBJ,L,D,53,4,9,13,5,8,0.25,4,13,0,0,0,0,0,0,77,5.2,17:53,--
Richard Panik,20202021,"WSH,DET",L,R,48,4,9,13,-9,18,0.27,3,12,1,1,0,0,0,0,59,6.8,12:22,42.9
Riley Sheahan,20202021,BUF,L,C,53,4,9,13,-8,8,0.25,3,12,0,0,1,1,0,0,44,9.1,13:18,50.9
Jordan Martinook,20202021,CAR,L,L,44,4,9,13,-3,25,0.3,4,12,0,0,0,1,0,1,62,6.5,12:45,47
Lawson Crouse,20202021,ARI,L,L,51,4,9,13,-10,46,0.25,4,11,0,2,0,0,0,0,70,5.7,14:18,46.5
Dylan Cozens,20202021,BUF,R,C,41,4,9,13,-15,16,0.32,3,12,1,1,0,0,0,0,62,6.5,14:21,47.5
Joel Edmundson,20202021,MTL,L,D,55,3,10,13,28,25,0.24,3,13,0,0,0,0,0,0,77,3.9,20:03,--
Jake Evans,20202021,MTL,R,C,47,3,10,13,2,29,0.28,2,11,0,0,1,2,0,0,55,5.5,11:50,50.1
Keegan Kolesar,20202021,VGK,R,R,44,3,10,13,-4,30,0.3,3,13,0,0,0,0,0,0,46,6.5,9:33,45.9
John Marino,20202021,PIT,R,D,52,3,10,13,5,8,0.25,2,8,1,4,0,1,0,1,56,5.4,20:44,--
John Leonard,20202021,SJS,L,L,44,3,10,13,-7,2,0.3,2,12,1,1,0,0,0,0,60,5,11:15,0
Trevor Zegras,20202021,ANA,L,C,24,3,10,13,6,12,0.54,3,13,0,0,0,0,0,0,53,5.7,15:24,43.8
Kyle Okposo,20202021,BUF,R,R,35,2,11,13,-1,0,0.37,1,11,0,0,1,2,0,0,45,4.4,13:53,54.2
Derek Ryan,20202021,CGY,R,C,43,2,11,13,6,16,0.3,2,13,0,0,0,0,0,0,37,5.4,11:53,52
Erik Brannstrom,20202021,OTT,L,D,30,2,11,13,3,25,0.43,1,10,1,3,0,0,0,0,42,4.8,16:21,--
Brandon Sutter,20202021,VAN,R,C,43,9,3,12,-9,2,0.28,7,10,0,0,2,2,0,0,65,13.9,15:05,55.5
Ross Colton,20202021,TBL,L,C,30,9,3,12,3,16,0.4,9,12,0,0,0,0,0,4,46,19.6,10:34,48.6
Pierre Engvall,20202021,TOR,L,L,42,7,5,12,2,16,0.29,7,12,0,0,0,0,0,1,61,11.5,11:56,43
Sam Steel,20202021,ANA,L,C,42,6,6,12,-7,8,0.29,6,12,0,0,0,0,0,0,42,14.3,14:32,52.8
Ivan Barbashev,20202021,STL,L,C,38,5,7,12,5,6,0.32,4,11,1,1,0,0,0,1,43,11.6,13:21,43.4
Dylan Gambrell,20202021,SJS,R,C,49,5,7,12,-18,13,0.24,4,11,0,0,1,1,0,1,48,10.4,16:02,43.8
K'Andre Miller,20202021,NYR,L,D,53,5,7,12,9,20,0.23,5,10,0,1,0,1,0,1,62,8.1,21:07,--
Alexander Radulov,20202021,DAL,L,R,11,4,8,12,9,6,1.09,3,6,1,6,0,0,0,0,25,16,17:47,50
Ryan McDonagh,20202021,TBL,L,D,50,4,8,12,13,14,0.24,4,12,0,0,0,0,0,0,85,4.7,21:54,--
Colin Miller,20202021,BUF,R,D,48,4,8,12,-20,27,0.25,3,8,1,4,0,0,0,0,64,6.3,18:00,--
Mikhail Grigorenko,20202021,CBJ,L,C,32,4,8,12,-2,6,0.38,4,12,0,0,0,0,0,1,36,11.1,13:45,37.5
Vinnie Hinostroza,20202021,"FLA,CHI",R,C,26,4,8,12,0,8,0.46,4,12,0,0,0,0,0,0,33,12.1,12:16,15
Danny DeKeyser,20202021,DET,L,D,47,4,8,12,3,18,0.26,4,12,0,0,0,0,0,0,43,9.3,18:06,--
Nicolas Aube-Kubel,20202021,PHI,R,R,50,3,9,12,-3,44,0.24,3,12,0,0,0,0,0,0,53,5.7,11:10,50
Michael Rasmussen,20202021,DET,L,C,40,3,9,12,-5,26,0.3,3,10,0,2,0,0,0,1,62,4.8,14:48,44.4
Robert Thomas,20202021,STL,R,C,33,3,9,12,1,10,0.36,3,12,0,0,0,0,0,1,22,13.6,13:36,42.6
Christopher Tanev,20202021,CGY,R,D,56,2,10,12,15,6,0.21,2,12,0,0,0,0,0,0,66,3,21:44,--
Derek Forbort,20202021,WPG,L,D,56,2,10,12,1,35,0.21,2,12,0,0,0,0,0,0,67,3,20:45,--
Jacob Trouba,20202021,NYR,R,D,38,2,10,12,3,22,0.32,2,11,0,1,0,0,0,1,70,2.9,21:29,--
Colton Parayko,20202021,STL,R,D,32,2,10,12,-2,14,0.38,2,12,0,0,0,0,0,0,60,3.3,21:20,--
Vladislav Gavrikov,20202021,CBJ,L,D,55,2,10,12,-13,14,0.22,2,12,0,0,0,0,0,1,48,4.2,19:24,--
Dante Fabbro,20202021,NSH,R,D,40,2,10,12,-1,23,0.3,1,10,1,2,0,0,0,1,59,3.4,19:19,--
Zach Whitecloud,20202021,VGK,R,D,51,2,10,12,9,24,0.24,2,12,0,0,0,0,0,1,54,3.7,17:49,--
Erik Gustafsson,20202021,"PHI,MTL",L,D,29,1,11,12,-1,0,0.41,1,7,0,5,0,0,0,0,33,3,16:43,--
Jake Bean,20202021,CAR,L,D,42,1,11,12,-2,10,0.29,0,7,1,5,0,0,0,0,55,1.8,14:32,--
David Kampf,20202021,CHI,L,C,56,1,11,12,-3,20,0.21,1,12,0,0,0,0,0,0,63,1.6,14:40,52.8
Pierre-Edouard Bellemare,20202021,COL,L,L,53,9,2,11,6,21,0.21,9,11,0,0,0,0,0,0,60,15,11:20,60.8
Rasmus Asplund,20202021,BUF,L,C,28,7,4,11,1,0,0.39,7,11,0,0,0,0,0,2,34,20.6,12:51,35.3
Max Jones,20202021,ANA,L,L,46,7,4,11,-9,36,0.24,5,8,2,3,0,0,0,1,77,9.1,14:10,50
Jaret Anderson-Dolan,20202021,LAK,L,C,34,7,4,11,-9,6,0.32,6,10,1,1,0,0,0,2,37,18.9,13:31,43.7
Matt Martin,20202021,NYI,L,L,54,6,5,11,-2,36,0.2,5,9,1,2,0,0,0,0,68,8.8,11:04,25
Tyler Pitlick,20202021,ARI,R,C,38,6,5,11,-1,16,0.29,5,9,0,1,1,1,0,0,56,10.7,16:22,40
Carl Grundstrom,20202021,LAK,L,R,47,6,5,11,-10,16,0.23,6,9,0,2,0,0,0,3,66,9.1,12:28,42.9
Nico Hischier,20202021,NJD,L,C,21,6,5,11,-9,4,0.52,2,6,3,4,1,1,0,0,44,13.6,18:31,56.2
Joel Kiviranta,20202021,DAL,L,L,26,6,5,11,3,6,0.42,5,10,1,1,0,0,0,0,31,19.4,12:10,14.3
Andrew Cogliano,20202021,DAL,L,C,54,5,6,11,-8,24,0.2,4,10,0,0,1,1,0,0,88,5.7,13:56,26.7
Andreas Johnsson,20202021,NJD,L,L,50,5,6,11,-1,12,0.22,4,10,1,1,0,0,0,0,65,7.7,13:56,39.3
Anders Bjork,20202021,"BOS,BUF",L,L,45,5,6,11,-13,14,0.24,5,10,0,0,0,1,0,0,41,12.2,13:53,0
Yakov Trenin,20202021,NSH,L,C,45,5,6,11,4,22,0.24,5,11,0,0,0,0,0,0,62,8.1,11:34,33.3
Adam Gaudette,20202021,"VAN,CHI",R,C,40,5,6,11,-15,12,0.28,5,8,0,3,0,0,0,0,66,7.6,11:07,42.7
Cal Clutterbuck,20202021,NYI,R,R,50,4,7,11,-5,10,0.22,3,10,0,0,1,1,0,1,50,8,13:26,0
Mark Jankowski,20202021,PIT,L,C,45,4,7,11,4,6,0.24,4,11,0,0,0,0,0,0,35,11.4,10:43,46.8
Michael Raffl,20202021,"PHI,WSH",L,L,44,4,7,11,-4,33,0.25,4,11,0,0,0,0,0,3,50,8,13:15,53.3
Brendan Lemieux,20202021,"NYR,LAK",L,L,49,4,7,11,-2,73,0.22,4,11,0,0,0,0,0,1,50,8,10:08,23.1
Noel Acciari,20202021,FLA,R,C,41,4,7,11,0,9,0.27,3,7,1,3,0,1,0,1,68,5.9,15:24,52.4
Jujhar Khaira,20202021,EDM,L,L,40,3,8,11,-1,42,0.28,3,11,0,0,0,0,0,2,41,7.3,12:03,45.2
Christian Fischer,20202021,ARI,R,R,52,3,8,11,-10,6,0.21,3,10,0,1,0,0,0,0,47,6.4,12:45,50
Troy Stecher,20202021,DET,R,D,44,3,8,11,-13,12,0.25,3,11,0,0,0,0,0,0,55,5.5,17:19,--
Radko Gudas,20202021,FLA,R,D,54,2,9,11,6,40,0.2,2,11,0,0,0,0,0,1,84,2.4,17:34,--
Christian Djoos,20202021,DET,L,D,36,2,9,11,-13,14,0.31,1,7,1,4,0,0,0,0,39,5.1,15:05,--
Juuso Valimaki,20202021,CGY,L,D,49,2,9,11,-2,26,0.22,2,11,0,0,0,0,0,0,72,2.8,15:26,--
Will Butcher,20202021,NJD,L,D,23,1,10,11,-3,2,0.48,1,9,0,2,0,0,0,0,37,2.7,19:02,--
Jordan Oesterle,20202021,ARI,L,D,43,1,10,11,-10,10,0.26,0,7,1,4,0,0,0,0,38,2.6,17:54,100
Philippe Myers,20202021,PHI,R,D,44,1,10,11,-10,22,0.25,1,11,0,0,0,0,0,0,77,1.3,18:52,--
Mikey Anderson,20202021,LAK,L,D,54,1,10,11,0,30,0.2,1,9,0,0,0,2,0,1,52,1.9,21:11,--
James Neal,20202021,EDM,L,L,29,5,5,10,-2,11,0.34,4,7,1,3,0,0,0,0,51,9.8,12:06,28.6
Trevor Lewis,20202021,WPG,R,C,56,5,5,10,7,2,0.18,3,8,0,0,2,2,0,1,68,7.4,9:52,57.9
Brendan Smith,20202021,NYR,L,D,48,5,5,10,3,73,0.21,5,10,0,0,0,0,0,0,58,8.6,16:26,--
Colton Sceviour,20202021,PIT,R,C,46,5,5,10,0,2,0.22,5,10,0,0,0,0,0,0,53,9.4,9:35,27.8
Nicolas Deslauriers,20202021,ANA,L,L,49,5,5,10,-7,53,0.2,5,10,0,0,0,0,0,2,65,7.7,11:19,25
Travis Boyd,20202021,"TOR,VAN",R,C,39,5,5,10,-5,2,0.26,4,9,1,1,0,0,0,0,23,21.7,10:44,46.9
Jimmy Vesey,20202021,"TOR,VAN",L,L,50,5,5,10,-14,10,0.2,5,9,0,0,0,1,0,1,58,8.6,12:43,25
Kevin Stenlund,20202021,CBJ,R,C,32,5,5,10,-4,8,0.31,5,9,0,1,0,0,0,1,42,11.9,12:32,47.3
Adam Larsson,20202021,EDM,R,D,56,4,6,10,2,24,0.18,4,10,0,0,0,0,0,0,52,7.7,19:39,100
Nikita Gusev,20202021,"NJD,FLA",R,L,31,4,6,10,-12,2,0.32,4,8,0,2,0,0,0,0,72,5.6,14:21,--
Cody Glass,20202021,VGK,R,C,27,4,6,10,6,8,0.37,0,5,4,5,0,0,0,0,28,14.3,14:32,42.5
Marc Staal,20202021,DET,L,D,56,3,7,10,-5,20,0.18,3,10,0,0,0,0,0,0,53,5.7,18:25,--
Travis Hamonic,20202021,VAN,R,D,38,3,7,10,-3,39,0.26,3,10,0,0,0,0,0,0,79,3.8,19:22,0
Patrik Nemeth,20202021,"DET,COL",L,D,52,3,7,10,5,20,0.19,3,10,0,0,0,0,0,0,53,5.7,18:01,--
Austin Watson,20202021,OTT,R,L,34,3,7,10,-7,40,0.29,3,9,0,0,0,1,0,0,41,7.3,12:00,26.1
Brady Skjei,20202021,CAR,L,D,52,3,7,10,6,30,0.19,3,9,0,0,0,1,0,1,104,2.9,20:44,--
Tanner Kero,20202021,DAL,L,C,39,3,7,10,0,6,0.26,3,8,0,2,0,0,0,2,39,7.7,10:36,63.2
Nathan Bastian,20202021,NJD,R,R,41,3,7,10,0,21,0.24,3,10,0,0,0,0,0,0,46,6.5,12:37,36.4
Drake Caggiula,20202021,"ARI,BUF",L,C,38,3,7,10,-6,19,0.26,3,10,0,0,0,0,0,0,46,6.5,12:24,38.5
Blake Lizotte,20202021,LAK,L,C,41,3,7,10,2,16,0.24,3,10,0,0,0,0,0,0,42,7.1,12:42,50.9
Zdeno Chara,20202021,WSH,L,D,55,2,8,10,5,44,0.18,2,10,0,0,0,0,0,0,67,3,18:19,--
Frederick Gaudreau,20202021,PIT,R,C,19,2,8,10,10,2,0.53,2,9,0,0,0,1,0,0,20,10,13:04,53.7
Nick Merkley,20202021,NJD,R,R,27,2,8,10,-5,7,0.37,2,9,0,1,0,0,0,0,38,5.3,11:30,25
Matt Roy,20202021,LAK,R,D,44,2,8,10,0,8,0.23,2,8,0,1,0,1,0,0,57,3.5,19:15,--
Mason Marchment,20202021,FLA,L,L,33,2,8,10,4,18,0.3,2,10,0,0,0,0,0,0,50,4,14:08,38.2
Kirby Dach,20202021,CHI,R,C,18,2,8,10,-3,4,0.56,1,9,1,1,0,0,0,0,26,7.7,18:34,40.3
Nikolai Knyzhov,20202021,SJS,L,D,56,2,8,10,-9,39,0.18,2,10,0,0,0,0,0,1,51,3.9,16:44,--
Jordie Benn,20202021,"VAN,WPG",L,D,39,1,9,10,7,9,0.26,1,10,0,0,0,0,0,0,45,2.2,14:45,--
Calvin de Haan,20202021,CHI,L,D,44,1,9,10,-16,14,0.23,1,9,0,1,0,0,0,1,58,1.7,18:37,--
Markus Nutivaara,20202021,FLA,L,D,30,0,10,10,1,12,0.33,0,10,0,0,0,0,0,0,45,0,15:59,--
Wayne Simmonds,20202021,TOR,R,R,38,7,2,9,-3,45,0.24,4,6,3,3,0,0,0,0,62,11.3,11:59,50
Josh Leivo,20202021,CGY,R,L,38,6,3,9,-3,10,0.24,6,9,0,0,0,0,0,2,50,12,10:45,25
Tyler Motte,20202021,VAN,L,C,24,6,3,9,0,14,0.38,6,9,0,0,0,0,0,1,40,15,16:01,36.4
Mikhail Maltsev,20202021,NJD,L,L,33,6,3,9,-4,4,0.27,6,9,0,0,0,0,0,0,55,10.9,11:27,46.3
Isac Lundestrom,20202021,ANA,L,C,41,6,3,9,-9,14,0.22,6,9,0,0,0,0,0,0,52,11.5,15:15,47.5
Devin Shore,20202021,EDM,L,C,38,5,4,9,-4,6,0.24,4,8,0,0,1,1,0,1,27,18.5,10:55,52.8
Patrick Marleau,20202021,SJS,L,C,56,4,5,9,-9,10,0.16,2,7,2,2,0,0,0,0,54,7.4,13:17,47
Sean Kuraly,20202021,BOS,L,C,47,4,5,9,-10,20,0.19,4,8,0,0,0,1,0,2,88,4.6,14:04,57.4
Oskar Sundqvist,20202021,STL,R,C,28,4,5,9,-6,14,0.32,3,6,1,3,0,0,0,0,32,12.5,15:09,48.1
Nolan Patrick,20202021,PHI,R,C,52,4,5,9,-30,20,0.17,2,6,2,3,0,0,0,0,49,8.2,13:17,52.6
Wyatt Kalynuk,20202021,CHI,L,D,21,4,5,9,-6,4,0.43,4,9,0,0,0,0,0,0,26,15.4,16:16,--
Anton Stralman,20202021,FLA,R,D,38,3,6,9,-1,8,0.24,3,9,0,0,0,0,0,0,38,7.9,18:57,--
Tyler Ennis,20202021,EDM,L,R,30,3,6,9,0,6,0.3,3,9,0,0,0,0,0,2,38,7.9,12:08,66.7
Marco Scandella,20202021,STL,L,D,49,3,6,9,14,24,0.18,3,8,0,0,0,1,0,1,55,5.5,19:57,--
Morgan Geekie,20202021,CAR,R,C,36,3,6,9,1,10,0.25,1,7,2,2,0,0,0,0,30,10,9:47,52.5
Artem Anisimov,20202021,OTT,L,C,19,2,7,9,1,2,0.47,1,8,1,1,0,0,0,0,30,6.7,12:02,40.9
Marcus Pettersson,20202021,PIT,L,D,47,2,7,9,8,22,0.19,2,9,0,0,0,0,0,0,46,4.4,16:29,--
Jacob MacDonald,20202021,COL,L,D,33,1,8,9,14,8,0.27,1,9,0,0,0,0,0,0,49,2,14:57,--
Jacob Bryson,20202021,BUF,L,D,38,1,8,9,-1,12,0.24,1,6,0,1,0,2,0,0,24,4.2,19:03,--
Kris Russell,20202021,EDM,L,D,35,0,9,9,0,8,0.26,0,9,0,0,0,0,0,0,41,0,18:24,--
Dylan DeMelo,20202021,WPG,R,D,52,0,9,9,10,20,0.17,0,8,0,0,0,1,0,0,44,0,16:58,--
Jakub Zboril,20202021,BOS,L,D,42,0,9,9,0,18,0.21,0,7,0,2,0,0,0,0,35,0,17:03,--
Brett Ritchie,20202021,CGY,R,R,32,4,4,8,-5,24,0.25,4,8,0,0,0,0,0,0,36,11.1,11:22,33.3
Cedric Paquette,20202021,"OTT,CAR",L,C,47,4,4,8,-12,21,0.17,4,8,0,0,0,0,0,0,33,12.1,9:21,44
Austin Wagner,20202021,LAK,L,L,44,4,4,8,-14,15,0.18,4,8,0,0,0,0,0,1,67,6,10:30,0
Darren Helm,20202021,DET,L,C,47,3,5,8,-3,10,0.17,3,8,0,0,0,0,0,0,83,3.6,14:41,66.7
Dryden Hunt,20202021,ARI,L,L,26,3,5,8,-6,4,0.31,3,8,0,0,0,0,0,0,39,7.7,11:58,30.8
Evgeny Svechnikov,20202021,DET,L,L,21,3,5,8,-3,10,0.38,2,6,1,2,0,0,0,1,21,14.3,11:49,33.3
Henri Jokiharju,20202021,BUF,R,D,46,3,5,8,-11,4,0.17,3,8,0,0,0,0,0,0,50,6,18:23,--
Eetu Luostarinen,20202021,FLA,L,C,44,3,5,8,-11,12,0.18,3,8,0,0,0,0,0,1,34,8.8,13:08,48
Jamie Drysdale,20202021,ANA,R,D,24,3,5,8,-12,6,0.33,3,7,0,1,0,0,0,0,28,10.7,19:35,--
Alexander Barabanov,20202021,"TOR,SJS",L,L,22,3,5,8,1,6,0.36,2,7,1,1,0,0,0,1,23,13,12:19,--
Brayden McNabb,20202021,VGK,L,D,41,2,6,8,10,16,0.2,2,8,0,0,0,0,0,0,39,5.1,19:18,--
Brett Kulak,20202021,MTL,L,D,46,2,6,8,3,20,0.17,2,8,0,0,0,0,0,0,57,3.5,16:06,--
Ethan Bear,20202021,EDM,R,D,43,2,6,8,-1,14,0.19,2,8,0,0,0,0,0,1,53,3.8,17:58,--
Steven Lorentz,20202021,CAR,L,C,45,2,6,8,1,8,0.18,2,8,0,0,0,0,0,1,40,5,10:26,51.1
Julien Gauthier,20202021,NYR,R,R,30,2,6,8,-6,14,0.27,2,8,0,0,0,0,0,0,38,5.3,9:39,50
Leo Komarov,20202021,NYI,L,R,33,1,7,8,7,15,0.24,1,7,0,0,0,1,0,1,27,3.7,12:50,38.8
Ian Cole,20202021,"COL,MIN",L,D,54,1,7,8,21,32,0.15,1,8,0,0,0,0,0,1,30,3.3,15:53,--
Phillip Di Giuseppe,20202021,NYR,L,L,31,1,7,8,2,13,0.26,1,8,0,0,0,0,0,0,44,2.3,11:06,42.9
Nikita Zadorov,20202021,CHI,L,D,55,1,7,8,1,36,0.15,1,8,0,0,0,0,0,0,52,1.9,19:12,--
Jeremy Lauzon,20202021,BOS,L,D,41,1,7,8,8,40,0.2,1,7,0,0,0,1,0,0,48,2.1,18:43,--
Alexander Edler,20202021,VAN,L,D,52,0,8,8,-8,58,0.15,0,8,0,0,0,0,0,0,99,0,20:54,--
Jake Gardiner,20202021,CAR,L,D,26,0,8,8,-1,11,0.31,0,5,0,3,0,0,0,0,23,0,16:03,--
Joel Hanley,20202021,DAL,L,D,35,0,8,8,6,2,0.23,0,8,0,0,0,0,0,0,27,0,13:01,--
Jan Rutta,20202021,TBL,R,D,35,0,8,8,12,22,0.23,0,6,0,0,0,2,0,0,46,0,16:02,--
Tobias Rieder,20202021,BUF,L,L,44,5,2,7,-9,2,0.16,5,7,0,0,0,0,0,0,63,7.9,12:15,12.5
Matt Nieto,20202021,SJS,L,L,28,5,2,7,-4,4,0.25,5,7,0,0,0,0,0,0,45,11.1,14:00,57.1
Tyler Bertuzzi,20202021,DET,L,L,9,5,2,7,0,4,0.78,2,3,3,4,0,0,1,1,20,25,19:37,50
Tanner Jeannot,20202021,NSH,L,L,15,5,2,7,6,2,0.47,4,5,0,0,1,2,0,0,23,21.7,12:08,33.3
Kyle Clifford,20202021,STL,L,L,50,4,3,7,-5,30,0.14,4,6,0,0,0,1,0,0,65,6.2,9:56,50
Wade Allison,20202021,PHI,R,R,14,4,3,7,1,4,0.5,3,6,1,1,0,0,0,1,24,16.7,12:56,0
Jesper Boqvist,20202021,NJD,L,C,28,4,3,7,-5,2,0.25,4,7,0,0,0,0,0,1,34,11.8,11:09,38.4
Cody Eakin,20202021,BUF,L,C,46,3,4,7,-9,14,0.15,3,7,0,0,0,0,0,0,39,7.7,12:56,54.3
Matthew Highmore,20202021,"CHI,VAN",L,C,42,3,4,7,-5,8,0.17,3,7,0,0,0,0,0,1,40,7.5,11:38,50
Ian Mitchell,20202021,CHI,R,D,39,3,4,7,-10,14,0.18,3,7,0,0,0,0,0,0,23,13,15:02,--
Riley Nash,20202021,CBJ,R,C,37,2,5,7,-1,4,0.19,2,7,0,0,0,0,0,1,40,5,12:36,49.7
Ben Chiarot,20202021,MTL,L,D,41,1,6,7,-16,50,0.17,0,6,1,1,0,0,0,0,81,1.2,21:47,--
Joakim Nordstrom,20202021,CGY,L,C,44,1,6,7,1,6,0.16,1,7,0,0,0,0,0,0,46,2.2,11:33,33.3
Josh Manson,20202021,ANA,R,D,23,1,6,7,-3,30,0.3,1,7,0,0,0,0,1,1,19,5.3,17:59,--
Connor Clifton,20202021,BOS,R,D,44,1,6,7,10,38,0.16,1,6,0,0,0,1,0,0,48,2.1,18:13,--
Jacob Larsson,20202021,ANA,L,D,46,1,6,7,-9,14,0.15,1,6,0,0,0,1,0,0,42,2.4,17:23,--
Brett Howden,20202021,NYR,L,C,42,1,6,7,-2,11,0.17,1,6,0,0,0,1,0,0,33,3,12:34,46.6
Shane Pinto,20202021,OTT,R,C,12,1,6,7,6,10,0.58,1,7,0,0,0,0,0,0,11,9.1,12:31,40.9
Ben Harpur,20202021,NSH,L,D,34,0,7,7,2,17,0.21,0,6,0,0,0,1,0,0,33,0,16:26,--
Conor Timmins,20202021,COL,R,D,31,0,7,7,6,8,0.23,0,7,0,0,0,0,0,0,31,0,13:33,--
Noah Gregor,20202021,SJS,L,C,30,5,1,6,-16,6,0.2,5,6,0,0,0,0,0,0,60,8.3,11:43,29
Arttu Ruotsalainen,20202021,BUF,L,C,17,5,1,6,-9,8,0.35,5,6,0,0,0,0,0,0,28,17.9,13:59,40
Alex Formenton,20202021,OTT,L,L,20,4,2,6,6,6,0.3,3,5,0,0,1,1,0,0,27,14.8,12:00,20
Brett Connolly,20202021,"FLA,CHI",R,R,31,3,3,6,3,4,0.19,3,5,0,1,0,0,0,0,26,11.5,12:09,30.8
Dylan Coghlan,20202021,VGK,R,D,29,3,3,6,-3,2,0.21,3,6,0,0,0,0,0,0,31,9.7,13:29,0
Lias Andersson,20202021,LAK,L,C,23,3,3,6,-4,12,0.26,3,6,0,0,0,0,0,0,23,13,12:04,38.5
Sami Vatanen,20202021,"NJD,DAL",R,D,39,2,4,6,3,20,0.15,2,6,0,0,0,0,0,0,55,3.6,17:01,--
Sam Carrick,20202021,ANA,R,C,13,2,4,6,4,28,0.46,2,5,0,1,0,0,0,0,23,8.7,12:55,52.4
Hampus Lindholm,20202021,ANA,L,D,18,2,4,6,-1,16,0.33,2,5,0,1,0,0,0,0,29,6.9,22:02,--
Travis Dermott,20202021,TOR,L,D,51,2,4,6,-1,19,0.12,2,6,0,0,0,0,0,0,36,5.6,13:13,--
Radim Simek,20202021,SJS,L,D,40,2,4,6,-9,15,0.15,2,6,0,0,0,0,0,0,26,7.7,14:13,--
Nicolas Beaudin,20202021,CHI,L,D,19,2,4,6,1,2,0.32,2,5,0,1,0,0,0,0,7,28.6,13:47,--
Frans Nielsen,20202021,DET,L,C,29,1,5,6,-3,0,0.21,1,6,0,0,0,0,0,0,24,4.2,12:08,52.5
Marc-Edouard Vlasic,20202021,SJS,L,D,51,1,5,6,-8,8,0.12,1,6,0,0,0,0,0,0,37,2.7,17:31,--
Justin Braun,20202021,PHI,R,D,53,1,5,6,0,18,0.11,1,6,0,0,0,0,0,0,59,1.7,18:32,--
Derek Stepan,20202021,OTT,R,C,20,1,5,6,-6,8,0.3,1,4,0,2,0,0,0,0,44,2.3,15:04,50
David Savard,20202021,"CBJ,TBL",R,D,54,1,5,6,-27,24,0.11,1,5,0,0,0,1,0,1,69,1.5,19:51,--
Alexander Romanov,20202021,MTL,L,D,54,1,5,6,1,21,0.11,1,5,0,1,0,0,0,0,71,1.4,17:15,--
Tobias Bjornfot,20202021,LAK,L,D,33,1,5,6,-3,14,0.18,1,6,0,0,0,0,0,0,30,3.3,16:51,--
Carter Rowney,20202021,ANA,R,C,19,0,6,6,-2,2,0.32,0,6,0,0,0,0,0,0,10,0,14:17,57.1
Sam Lafferty,20202021,PIT,R,C,34,0,6,6,-6,25,0.18,0,6,0,0,0,0,0,0,33,0,9:47,52.4
Kale Clague,20202021,LAK,L,D,18,0,6,6,-6,4,0.33,0,6,0,0,0,0,0,0,24,0,17:12,--
Mikko Lehtonen,20202021,"TOR,CBJ",L,D,26,0,6,6,-2,8,0.23,0,5,0,1,0,0,0,0,33,0,15:53,--
Jake Virtanen,20202021,VAN,R,R,38,5,0,5,-4,41,0.13,4,4,1,1,0,0,0,1,50,10,12:15,69.2
Ryan Carpenter,20202021,CHI,R,C,40,4,1,5,-10,19,0.13,2,3,1,1,1,1,0,0,51,7.8,12:41,48.4
Juho Lammikko,20202021,FLA,L,L,44,4,1,5,-8,10,0.11,3,4,0,0,1,1,0,0,43,9.3,10:50,44.9
Adam Brooks,20202021,TOR,L,C,11,4,1,5,4,0,0.45,2,3,1,1,1,1,0,0,10,40,10:41,41.2
Trent Frederic,20202021,BOS,L,C,42,4,1,5,-8,65,0.12,4,5,0,0,0,0,0,3,44,9.1,11:15,52.9
Cole Caufield,20202021,MTL,R,R,10,4,1,5,-1,2,0.5,4,5,0,0,0,0,2,2,30,13.3,13:58,--
Andrej Sekera,20202021,DAL,L,D,46,3,2,5,12,4,0.11,3,5,0,0,0,0,0,0,33,9.1,15:38,--
Mathieu Olivier,20202021,NSH,R,R,30,3,2,5,-1,70,0.17,2,4,1,1,0,0,0,0,25,12,10:55,50
Emil Bemstrom,20202021,CBJ,R,C,20,3,2,5,2,0,0.25,2,4,1,1,0,0,0,0,28,10.7,12:51,--
Ty Dellandrea,20202021,DAL,R,C,26,3,2,5,0,23,0.19,1,2,2,3,0,0,0,0,31,9.7,12:29,45
Logan O'Connor,20202021,COL,R,R,22,3,2,5,6,6,0.23,3,5,0,0,0,0,0,0,37,8.1,10:56,50
Nate Thompson,20202021,WPG,L,C,44,2,3,5,4,4,0.11,2,4,0,0,0,1,0,1,20,10,9:41,50.4
Steven Kampfer,20202021,BOS,R,D,20,2,3,5,3,4,0.25,1,4,1,1,0,0,0,0,28,7.1,16:42,--
Kyle Turris,20202021,EDM,R,C,27,2,3,5,-11,10,0.19,2,5,0,0,0,0,0,0,27,7.4,12:19,47.6
Zack Kassian,20202021,EDM,R,R,27,2,3,5,-4,15,0.19,2,5,0,0,0,0,0,0,18,11.1,11:51,0
Chris Wagner,20202021,BOS,R,R,41,2,3,5,-9,24,0.12,1,4,0,0,1,1,0,0,57,3.5,11:41,51.9
John Hayden,20202021,ARI,R,C,29,2,3,5,-4,37,0.17,2,5,0,0,0,0,0,2,21,9.5,9:49,30.8
Robert Hagg,20202021,PHI,L,D,34,2,3,5,-3,18,0.15,2,5,0,0,0,0,0,0,29,6.9,15:40,--
Jayce Hawryluk,20202021,VAN,R,C,30,2,3,5,-7,9,0.17,2,5,0,0,0,0,0,1,18,11.1,9:38,50
Evan Bouchard,20202021,EDM,R,D,14,2,3,5,-2,2,0.36,1,4,1,1,0,0,0,0,38,5.3,14:50,--
Ryan Reaves,20202021,VGK,R,R,37,1,4,5,0,27,0.14,1,5,0,0,0,0,0,0,26,3.9,9:56,30.8
Andy Greene,20202021,NYI,L,D,55,1,4,5,9,6,0.09,1,5,0,0,0,0,0,0,50,2,17:35,--
Robert Bortuzzo,20202021,STL,R,D,40,1,4,5,-3,47,0.13,1,5,0,0,0,0,0,1,31,3.2,14:10,--
Jay Beagle,20202021,VAN,R,C,30,1,4,5,-2,8,0.17,1,5,0,0,0,0,0,0,21,4.8,12:31,56.2
Justin Dowling,20202021,DAL,L,C,27,1,4,5,-4,6,0.19,1,4,0,1,0,0,0,0,27,3.7,11:04,50
Marcus Sorensen,20202021,SJS,L,L,29,1,4,5,-5,16,0.17,1,5,0,0,0,0,0,0,26,3.9,12:05,42.9
Ben Hutton,20202021,"ANA,TOR",L,D,38,1,4,5,-13,11,0.13,1,5,0,0,0,0,0,0,54,1.9,18:28,--
Dean Kukan,20202021,CBJ,L,D,35,1,4,5,-3,10,0.14,1,5,0,0,0,0,0,0,29,3.5,14:11,--
Victor Mete,20202021,"MTL,OTT",L,D,28,1,4,5,8,8,0.18,1,5,0,0,0,0,0,0,20,5,15:48,--
Pierre-Olivier Joseph,20202021,PIT,L,D,16,1,4,5,1,6,0.31,1,5,0,0,0,0,0,0,27,3.7,16:47,--
Niklas Hjalmarsson,20202021,ARI,L,D,41,0,5,5,-6,18,0.12,0,5,0,0,0,0,0,0,29,0,17:22,--
Jon Merrill,20202021,"DET,MTL",L,D,49,0,5,5,-9,16,0.1,0,5,0,0,0,0,0,0,41,0,18:15,--
David Backes,20202021,ANA,R,R,15,3,1,4,-4,4,0.27,3,4,0,0,0,0,0,1,30,10,12:44,50.6
Mark Pysyk,20202021,DAL,R,D,36,3,1,4,6,20,0.11,3,4,0,0,0,0,0,0,51,5.9,11:43,--
Tyler Graovac,20202021,VAN,L,C,14,3,1,4,-3,6,0.29,2,3,1,1,0,0,0,0,17,17.7,9:44,45.7
Haydn Fleury,20202021,"CAR,ANA",L,D,47,3,1,4,-12,8,0.09,3,4,0,0,0,0,0,0,62,4.8,15:24,--
Brandon Carlo,20202021,BOS,R,D,27,3,1,4,1,12,0.15,3,4,0,0,0,0,0,1,43,7,18:43,--
Luke Schenn,20202021,TBL,R,D,38,2,2,4,2,51,0.11,2,4,0,0,0,0,0,0,43,4.7,10:45,--
Michael Stone,20202021,CGY,R,D,21,2,2,4,-1,6,0.19,2,4,0,0,0,0,0,0,41,4.9,16:05,--
Jani Hakanpaa,20202021,"ANA,CAR",R,D,57,2,2,4,4,35,0.07,2,3,0,0,0,1,0,1,54,3.7,18:01,--
Andrew Shaw,20202021,CHI,R,R,14,2,2,4,-5,6,0.29,0,0,2,4,0,0,0,0,25,8,15:07,53.6
Kurtis MacDermid,20202021,LAK,L,D,28,2,2,4,-14,36,0.14,2,4,0,0,0,0,0,0,16,12.5,13:21,--
Anthony Angello,20202021,PIT,R,R,19,2,2,4,4,8,0.21,1,3,1,1,0,0,0,0,19,10.5,7:59,--
Ryan Lomberg,20202021,FLA,L,L,34,2,2,4,-2,67,0.12,2,4,0,0,0,0,0,0,47,4.3,9:43,0
Libor Hajek,20202021,NYR,L,D,44,2,2,4,2,10,0.09,2,4,0,0,0,0,0,1,33,6.1,15:16,--
Vitali Kravtsov,20202021,NYR,L,R,20,2,2,4,-6,4,0.2,2,4,0,0,0,0,0,0,23,8.7,12:24,0
Radim Zohorna,20202021,PIT,L,L,8,2,2,4,4,4,0.5,2,3,0,1,0,0,0,1,8,25,9:02,62.5
Brad Richardson,20202021,NSH,L,R,17,1,3,4,0,4,0.24,1,4,0,0,0,0,0,1,18,5.6,12:16,51.4
Antoine Roussel,20202021,VAN,L,L,35,1,3,4,4,37,0.11,1,3,0,0,0,1,0,0,28,3.6,11:30,50
Erik Gudbranson,20202021,"OTT,NSH",R,D,45,1,3,4,-12,59,0.09,1,4,0,0,0,0,0,1,58,1.7,17:55,--
Anthony Bitetto,20202021,NYR,L,D,14,1,3,4,-8,20,0.29,1,3,0,1,0,0,0,0,12,8.3,14:26,--
Kevan Miller,20202021,BOS,R,D,28,1,3,4,-1,20,0.14,1,4,0,0,0,0,0,0,27,3.7,19:04,--
Matt Benning,20202021,NSH,R,D,53,1,3,4,-1,30,0.08,1,3,0,0,0,1,0,0,43,2.3,16:20,--
Michael Dal Colle,20202021,NYI,L,L,26,1,3,4,1,4,0.15,1,4,0,0,0,0,0,0,19,5.3,11:54,25
Gabriel Carlsson,20202021,CBJ,L,D,14,1,3,4,-6,4,0.29,1,3,0,1,0,0,0,0,14,7.1,14:47,--
Josh Mahura,20202021,ANA,L,D,13,1,3,4,0,4,0.31,1,4,0,0,0,0,0,0,14,7.1,15:54,--
Logan Stanley,20202021,WPG,L,D,37,1,3,4,13,26,0.11,1,4,0,0,0,0,0,0,63,1.6,13:13,--
Givani Smith,20202021,DET,L,R,16,1,3,4,-5,21,0.25,1,4,0,0,0,0,0,1,20,5,10:35,--
Jason Demers,20202021,ARI,R,D,41,0,4,4,-4,26,0.1,0,4,0,0,0,0,0,0,44,0,17:14,--
Zach Bogosian,20202021,TOR,R,D,45,0,4,4,7,49,0.09,0,4,0,0,0,0,0,0,36,0,14:32,--
Dmitry Kulikov,20202021,"NJD,EDM",L,D,48,0,4,4,-3,28,0.08,0,4,0,0,0,0,0,0,51,0,19:10,--
Nikita Nesterov,20202021,CGY,L,D,38,0,4,4,-10,20,0.11,0,4,0,0,0,0,0,0,33,0,15:52,--
Olli Maatta,20202021,LAK,L,D,41,0,4,4,-8,6,0.1,0,4,0,0,0,0,0,0,43,0,16:26,--
Caleb Jones,20202021,EDM,L,D,33,0,4,4,-7,6,0.12,0,4,0,0,0,0,0,0,23,0,13:36,--
Grigori Denisenko,20202021,FLA,R,L,7,0,4,4,1,2,0.57,0,4,0,0,0,0,0,0,6,0,11:56,50
Liam Foudy,20202021,CBJ,L,C,24,0,4,4,0,6,0.17,0,4,0,0,0,0,0,0,40,0,12:36,20
Rasmus Sandin,20202021,TOR,L,D,9,0,4,4,6,0,0.44,0,4,0,0,0,0,0,0,9,0,14:40,--
Zac Jones,20202021,NYR,L,D,10,0,4,4,-2,2,0.4,0,3,0,1,0,0,0,0,12,0,14:59,--
Kieffer Bellows,20202021,NYI,L,L,14,3,0,3,0,4,0.21,3,3,0,0,0,0,0,1,19,15.8,11:01,50
Alex Barré-Boulet,20202021,TBL,L,C,15,3,0,3,0,0,0.2,1,1,2,2,0,0,0,0,26,11.5,15:15,25
Zac Dalpe,20202021,CBJ,R,C,12,2,1,3,-2,0,0.25,2,3,0,0,0,0,0,0,22,9.1,10:37,45
Max McCormick,20202021,CAR,L,L,12,2,1,3,3,9,0.25,2,3,0,0,0,0,0,0,5,40,7:49,50
Mark Friedman,20202021,"PHI,PIT",R,D,9,2,1,3,1,9,0.33,2,3,0,0,0,0,0,0,9,22.2,11:03,0
Olli Juolevi,20202021,VAN,L,D,23,2,1,3,-1,0,0.13,2,3,0,0,0,0,0,0,24,8.3,13:13,--
Barrett Hayton,20202021,ARI,L,C,14,2,1,3,-1,0,0.21,2,3,0,0,0,0,0,0,10,20,11:29,50
Gaetan Haas,20202021,EDM,R,C,34,2,1,3,-6,10,0.09,2,3,0,0,0,0,0,1,24,8.3,11:21,45.4
Nathan Gerbe,20202021,CBJ,L,C,9,1,2,3,0,2,0.33,1,2,0,0,0,1,0,0,9,11.1,11:07,53.9
Steven Fogarty,20202021,BUF,R,C,9,1,2,3,2,8,0.33,1,3,0,0,0,0,0,0,5,20,11:44,58.3
Scott Harrington,20202021,CBJ,L,D,12,1,2,3,-3,6,0.25,1,2,0,0,0,1,0,0,8,12.5,16:21,--
Matt Tennyson,20202021,NJD,R,D,21,1,2,3,0,2,0.14,1,3,0,0,0,0,0,0,14,7.1,14:30,--
Jake McCabe,20202021,BUF,L,D,13,1,2,3,2,9,0.23,1,3,0,0,0,0,0,0,15,6.7,19:11,--
Trevor van Riemsdyk,20202021,WSH,R,D,20,1,2,3,-1,2,0.15,1,2,0,1,0,0,0,0,23,4.4,17:05,--
Alexandre Carrier,20202021,NSH,R,D,19,1,2,3,3,8,0.16,1,3,0,0,0,0,0,0,31,3.2,20:03,--
Niko Mikkola,20202021,STL,L,D,30,1,2,3,-11,11,0.1,1,3,0,0,0,0,0,0,22,4.6,14:31,--
Lane Pederson,20202021,ARI,R,C,15,1,2,3,-2,2,0.2,1,2,0,1,0,0,0,0,15,6.7,11:05,50
Dennis Cholowski,20202021,DET,L,D,16,1,2,3,-1,4,0.19,1,3,0,0,0,0,0,0,10,10,15:54,--
Cal Foote,20202021,TBL,R,D,35,1,2,3,9,29,0.09,1,3,0,0,0,0,0,0,40,2.5,12:53,--
Jack Studnicka,20202021,BOS,R,C,20,1,2,3,-3,0,0.15,1,3,0,0,0,0,0,0,28,3.6,12:45,45.5
Jack Rathbone,20202021,VAN,L,D,8,1,2,3,1,0,0.38,1,2,0,1,0,0,0,0,17,5.9,15:30,--
Connor Mackey,20202021,CGY,L,D,6,1,2,3,3,20,0.5,1,3,0,0,0,0,0,0,4,25,14:10,--
Mike Hardman,20202021,CHI,L,L,8,1,2,3,0,0,0.38,1,3,0,0,0,0,0,0,5,20,10:59,50
Alex Biega,20202021,DET,R,D,13,0,3,3,-1,4,0.23,0,3,0,0,0,0,0,0,4,0,10:40,--
Matt Calvert,20202021,COL,L,L,18,0,3,3,-2,6,0.17,0,3,0,0,0,0,0,0,26,0,13:49,0
Greg Pateryn,20202021,"MIN,COL,SJS",R,D,13,0,3,3,0,6,0.23,0,3,0,0,0,0,0,0,13,0,14:08,--
Gemel Smith,20202021,TBL,L,C,5,0,3,3,3,11,0.6,0,3,0,0,0,0,0,0,0,--,10:03,42.5
Liam O'Brien,20202021,COL,L,C,12,0,3,3,1,40,0.25,0,3,0,0,0,0,0,0,6,0,6:34,--
Michael Amadio,20202021,"LAK,OTT",R,C,25,0,3,3,-3,4,0.12,0,2,0,1,0,0,0,0,24,0,12:33,50
Lucas Wallmark,20202021,"CHI,FLA",L,C,20,0,3,3,-4,6,0.15,0,0,0,2,0,1,0,0,11,0,11:23,41.4
Clark Bishop,20202021,OTT,L,C,13,0,3,3,2,4,0.23,0,3,0,0,0,0,0,0,16,0,9:28,50.7
Christian Wolanin,20202021,"OTT,LAK",L,D,18,0,3,3,-6,8,0.17,0,3,0,0,0,0,0,0,16,0,13:16,--
Dan Renouf,20202021,COL,L,D,18,0,3,3,-1,16,0.17,0,3,0,0,0,0,0,0,12,0,10:10,--
Andrew Peeke,20202021,CBJ,R,D,11,0,3,3,-4,4,0.27,0,3,0,0,0,0,0,0,5,0,17:09,--
Gustav Lindstrom,20202021,DET,R,D,13,0,3,3,1,0,0.23,0,3,0,0,0,0,0,0,8,0,16:07,--
Kiefer Sherwood,20202021,COL,R,L,16,0,3,3,2,0,0.19,0,3,0,0,0,0,0,0,18,0,8:48,50
Jordan Gross,20202021,ARI,R,D,7,0,3,3,-3,2,0.43,0,3,0,0,0,0,0,0,10,0,13:11,--
Alex Newhook,20202021,COL,L,C,6,0,3,3,5,2,0.5,0,3,0,0,0,0,0,0,8,0,13:41,43.2
Tyler Seguin,20202021,DAL,R,C,3,2,0,2,0,0,0.67,2,2,0,0,0,0,0,0,8,25,17:04,54.3
Dylan Sikura,20202021,VGK,L,C,6,2,0,2,0,0,0.33,2,2,0,0,0,0,0,0,8,25,10:15,--
Joel L'Esperance,20202021,DAL,R,R,12,2,0,2,-2,2,0.17,2,2,0,0,0,0,0,1,8,25,9:25,41.2
Jan Jenik,20202021,ARI,L,R,2,2,0,2,3,0,1,2,2,0,0,0,0,0,0,3,66.7,12:05,52.2
Karson Kuhlman,20202021,BOS,R,C,20,2,0,2,-6,0,0.1,2,2,0,0,0,0,0,0,31,6.5,10:39,50
Mikko Koivu,20202021,CBJ,L,C,7,1,1,2,-2,2,0.29,1,2,0,0,0,0,0,0,3,33.3,12:28,45.7
Nate Prosser,20202021,PHI,R,D,6,1,1,2,-7,0,0.33,1,2,0,0,0,0,0,0,5,20,13:03,--
Mackenzie MacEachern,20202021,STL,L,L,21,1,1,2,3,8,0.1,0,1,0,0,1,1,0,0,25,4,9:42,50
Connor Carrick,20202021,NJD,R,D,11,1,1,2,-2,5,0.18,1,2,0,0,0,0,0,0,8,12.5,18:40,--
Jake Walman,20202021,STL,L,D,24,1,1,2,-7,8,0.08,1,2,0,0,0,0,0,0,47,2.1,14:28,--
Jansen Harkins,20202021,WPG,L,C,26,1,1,2,-2,4,0.08,1,2,0,0,0,0,0,0,16,6.3,8:24,61.1
Rhett Gardner,20202021,DAL,L,C,28,1,1,2,-9,8,0.07,1,2,0,0,0,0,0,0,23,4.4,9:58,43
Zack MacEwen,20202021,VAN,R,C,34,1,1,2,-2,44,0.06,1,2,0,0,0,0,0,0,31,3.2,8:38,50
MacKenzie Entwistle,20202021,CHI,R,R,5,1,1,2,1,2,0.4,1,2,0,0,0,0,0,0,6,16.7,9:49,22.2
Aleksi Heponiemi,20202021,FLA,L,C,9,1,1,2,1,2,0.22,1,2,0,0,0,0,1,1,15,6.7,12:14,--
Sebastian Aho,20202021,NYI,L,D,3,1,1,2,-1,2,0.67,1,2,0,0,0,0,0,0,4,25,13:21,--
Marian Studenic,20202021,NJD,L,L,8,1,1,2,-2,4,0.25,1,2,0,0,0,0,0,0,7,14.3,10:47,--
Ilya Lyubushkin,20202021,ARI,R,D,42,1,1,2,-13,10,0.05,1,2,0,0,0,0,0,0,36,2.8,15:42,--
Joel Kellman,20202021,SJS,L,C,7,1,1,2,-1,6,0.29,1,2,0,0,0,0,0,0,13,7.7,10:41,49.1
Nolan Foote,20202021,NJD,L,L,6,1,1,2,-1,0,0.33,1,2,0,0,0,0,0,0,5,20,9:41,0
Victor Soderstrom,20202021,ARI,R,D,4,1,1,2,4,0,0.5,1,2,0,0,0,0,0,0,6,16.7,16:19,--
Mathias Brome,20202021,DET,L,L,26,1,1,2,-9,8,0.08,1,2,0,0,0,0,0,1,22,4.6,13:39,33.3
Braydon Coburn,20202021,"OTT,NYI",L,D,19,0,2,2,-3,14,0.11,0,1,0,0,0,1,0,0,18,0,16:03,--
Thomas Hickey,20202021,NYI,L,D,5,0,2,2,5,0,0.4,0,2,0,0,0,0,0,0,2,0,16:16,--
Carl Gunnarsson,20202021,STL,L,D,12,0,2,2,-2,6,0.17,0,2,0,0,0,0,0,0,6,0,14:26,--
Nick Holden,20202021,VGK,L,D,17,0,2,2,3,2,0.12,0,2,0,0,0,0,0,0,23,0,15:51,--
John Moore,20202021,BOS,L,D,5,0,2,2,-3,2,0.4,0,1,0,1,0,0,0,0,8,0,20:59,--
Matt Irwin,20202021,BUF,L,D,24,0,2,2,-10,19,0.08,0,2,0,0,0,0,0,0,27,0,16:15,--
Michael Sgarbossa,20202021,WSH,L,C,5,0,2,2,2,0,0.4,0,2,0,0,0,0,0,0,4,0,9:48,34.5
Kyle Rau,20202021,MIN,L,C,14,0,2,2,-1,9,0.14,0,2,0,0,0,0,0,0,15,0,9:34,--
Jayson Megna,20202021,COL,R,C,7,0,2,2,2,0,0.29,0,2,0,0,0,0,0,0,12,0,10:15,54.6
Chad Ruhwedel,20202021,PIT,R,D,17,0,2,2,3,14,0.12,0,2,0,0,0,0,0,0,16,0,14:42,--
William Lagesson,20202021,EDM,L,D,19,0,2,2,0,9,0.11,0,2,0,0,0,0,0,0,11,0,14:09,--
Patrick Russell,20202021,EDM,R,R,8,0,2,2,0,0,0.25,0,2,0,0,0,0,0,0,12,0,10:38,25
Rem Pitlick,20202021,NSH,L,C,10,0,2,2,3,4,0.2,0,2,0,0,0,0,0,0,11,0,11:18,41.7
Urho Vaakanainen,20202021,BOS,L,D,9,0,2,2,-3,2,0.22,0,2,0,0,0,0,0,0,15,0,18:55,--
Sasha Chmelevski,20202021,SJS,R,C,5,0,2,2,-2,2,0.4,0,2,0,0,0,0,0,0,8,0,9:45,33.3
Andreas Borgman,20202021,TBL,L,D,7,0,2,2,-2,4,0.29,0,2,0,0,0,0,0,0,7,0,11:58,--
Mattias Samuelsson,20202021,BUF,L,D,12,0,2,2,-8,4,0.17,0,2,0,0,0,0,0,0,10,0,18:02,--
Kevin Bahl,20202021,NJD,L,D,7,0,2,2,0,0,0.29,0,2,0,0,0,0,0,0,5,0,16:55,--
Taro Hirose,20202021,DET,L,L,6,0,2,2,2,0,0.33,0,2,0,0,0,0,0,0,10,0,14:22,50
Bowen Byram,20202021,COL,L,D,19,0,2,2,1,23,0.11,0,2,0,0,0,0,0,0,21,0,17:31,--
Jack Johnson,20202021,NYR,L,D,13,1,0,1,-5,8,0.08,1,1,0,0,0,0,0,0,13,7.7,16:58,--
Byron Froese,20202021,CGY,R,C,6,1,0,1,1,2,0.17,1,1,0,0,0,0,0,0,2,50,8:18,38.7
Greg McKegg,20202021,BOS,L,C,5,1,0,1,-3,2,0.2,1,1,0,0,0,0,0,0,4,25,9:34,60.6
Brad Hunt,20202021,MIN,L,D,12,1,0,1,-8,4,0.08,1,1,0,0,0,0,0,1,14,7.1,12:20,--
Stefan Matteau,20202021,CBJ,L,C,18,1,0,1,-4,9,0.06,1,1,0,0,0,0,0,0,15,6.7,10:49,28.6
Slater Koekkoek,20202021,EDM,L,D,18,1,0,1,-7,2,0.06,1,1,0,0,0,0,0,0,17,5.9,13:10,--
Anton Blidh,20202021,BOS,L,L,10,1,0,1,-5,6,0.1,1,1,0,0,0,0,0,0,10,10,10:46,0
Luke Johnson,20202021,MIN,R,C,14,1,0,1,-5,5,0.07,1,1,0,0,0,0,0,0,11,9.1,10:06,50.6
Jonny Brodzinski,20202021,NYR,R,C,5,1,0,1,0,4,0.2,1,1,0,0,0,0,0,0,7,14.3,11:20,0
Samuel Morin,20202021,PHI,L,L,20,1,0,1,-7,37,0.05,1,1,0,0,0,0,0,1,14,7.1,10:12,--
Nathan Walker,20202021,STL,L,L,8,1,0,1,-4,2,0.13,1,1,0,0,0,0,0,0,10,10,13:30,40
Dakota Joshua,20202021,STL,L,C,12,1,0,1,-3,7,0.08,1,1,0,0,0,0,0,0,9,11.1,8:58,57.8
Riley Stillman,20202021,"FLA,CHI",L,D,21,1,0,1,5,16,0.05,1,1,0,0,0,0,0,0,29,3.5,15:22,--
Joachim Blichfeld,20202021,SJS,R,R,5,1,0,1,-2,12,0.2,1,1,0,0,0,0,0,0,3,33.3,8:41,--
Matt Luff,20202021,LAK,R,R,13,1,0,1,-4,5,0.08,1,1,0,0,0,0,0,0,18,5.6,10:29,40
Gavin Bayreuther,20202021,CBJ,L,D,9,1,0,1,-1,7,0.11,1,1,0,0,0,0,0,0,16,6.3,15:23,--
Morgan Barron,20202021,NYR,L,C,5,1,0,1,-1,2,0.2,1,1,0,0,0,0,0,0,3,33.3,13:41,50
Parker Kelly,20202021,OTT,L,L,1,1,0,1,1,0,1,1,1,0,0,0,0,0,0,1,100,7:32,100
Joe Veleno,20202021,DET,L,C,5,1,0,1,0,4,0.2,0,0,1,1,0,0,0,0,8,12.5,15:06,50
Rasmus Kupari,20202021,LAK,R,C,7,1,0,1,-5,2,0.14,1,1,0,0,0,0,0,0,8,12.5,11:28,53.9
Arthur Kaliyev,20202021,LAK,L,R,1,1,0,1,-1,0,1,1,1,0,0,0,0,0,0,1,100,14:42,--
Fredrik Handemark,20202021,SJS,L,C,8,1,0,1,-3,2,0.13,1,1,0,0,0,0,0,0,5,20,9:27,49.2
Loui Eriksson,20202021,VAN,L,L,7,0,1,1,-3,2,0.14,0,1,0,0,0,0,0,0,5,0,9:35,100
Erik Johnson,20202021,COL,R,D,4,0,1,1,2,2,0.25,0,1,0,0,0,0,0,0,5,0,13:26,--
Mark Borowiecki,20202021,NSH,L,D,22,0,1,1,-2,38,0.05,0,1,0,0,0,0,0,0,18,0,13:41,--
Kevin Connauton,20202021,FLA,L,D,7,0,1,1,4,7,0.14,0,1,0,0,0,0,0,0,5,0,14:13,--
Andrew Agozzino,20202021,ANA,L,L,3,0,1,1,0,0,0.33,0,1,0,0,0,0,0,0,3,0,12:11,50
Jarred Tinordi,20202021,"NSH,BOS",L,D,21,0,1,1,-6,11,0.05,0,1,0,0,0,0,0,0,30,0,17:06,--
Alex Belzile,20202021,MTL,R,R,2,0,1,1,-1,0,0.5,0,1,0,0,0,0,0,0,3,0,10:39,80
Matthew Peca,20202021,OTT,L,C,5,0,1,1,1,0,0.2,0,1,0,0,0,0,0,0,3,0,8:53,0
Joseph Cramarossa,20202021,MIN,L,C,4,0,1,1,-1,15,0.25,0,1,0,0,0,0,0,0,3,0,10:46,--
Tomas Jurco,20202021,VGK,L,R,8,0,1,1,0,0,0.13,0,1,0,0,0,0,0,0,11,0,8:58,0
Nathan Beaulieu,20202021,WPG,L,D,25,0,1,1,-5,20,0.04,0,1,0,0,0,0,0,0,26,0,16:44,--
Dominic Toninato,20202021,WPG,L,C,2,0,1,1,0,0,0.5,0,1,0,0,0,0,0,0,2,0,12:40,0
Kyle Burroughs,20202021,COL,R,D,5,0,1,1,1,5,0.2,0,1,0,0,0,0,0,0,3,0,10:05,--
Tyler Lewington,20202021,NSH,R,D,2,0,1,1,4,9,0.5,0,1,0,0,0,0,0,0,4,0,14:10,--
Tucker Poolman,20202021,WPG,R,D,39,0,1,1,-2,2,0.03,0,1,0,0,0,0,0,0,50,0,18:18,--
Josh Brown,20202021,OTT,R,D,26,0,1,1,-1,30,0.04,0,1,0,0,0,0,0,0,8,0,14:08,--
Sean Malone,20202021,NSH,L,C,1,0,1,1,-1,2,1,0,1,0,0,0,0,0,0,1,0,10:38,50
Jacob de la Rose,20202021,STL,L,L,13,0,1,1,-2,7,0.08,0,1,0,0,0,0,0,0,13,0,10:12,46.6
Steven Santini,20202021,STL,R,D,3,0,1,1,1,0,0.33,0,1,0,0,0,0,0,0,9,0,14:00,--
Nic Petan,20202021,TOR,L,C,7,0,1,1,-2,4,0.14,0,1,0,0,0,0,0,0,8,0,10:17,--
Madison Bowey,20202021,CHI,R,D,2,0,1,1,1,0,0.5,0,1,0,0,0,0,0,0,0,--,11:09,--
Ross Johnston,20202021,NYI,L,L,12,0,1,1,-3,35,0.08,0,1,0,0,0,0,0,0,5,0,8:44,25
Daniel Carr,20202021,WSH,L,L,6,0,1,1,-2,2,0.17,0,1,0,0,0,0,0,0,5,0,10:14,--
Tony DeAngelo,20202021,NYR,R,D,6,0,1,1,-6,4,0.17,0,0,0,1,0,0,0,0,13,0,18:29,--
Oliver Kylington,20202021,CGY,L,D,8,0,1,1,-1,0,0.13,0,1,0,0,0,0,0,0,7,0,13:05,--
Glenn Gawdin,20202021,CGY,R,C,7,0,1,1,-1,0,0.14,0,1,0,0,0,0,0,0,1,0,6:55,54.3
Nicolas Meloche,20202021,SJS,R,D,7,0,1,1,1,0,0.14,0,1,0,0,0,0,0,0,6,0,9:35,--
Mitchell Stephens,20202021,TBL,R,C,7,0,1,1,-5,0,0.14,0,1,0,0,0,0,0,0,3,0,9:28,60
Christian Jaros,20202021,SJS,R,D,7,0,1,1,-4,2,0.14,0,1,0,0,0,0,0,0,3,0,11:11,--
Kole Sherwood,20202021,CBJ,R,R,6,0,1,1,-2,7,0.17,0,1,0,0,0,0,0,0,7,0,10:21,--
Jalen Chatfield,20202021,VAN,R,D,18,0,1,1,-11,12,0.06,0,1,0,0,0,0,0,0,14,0,13:26,--
Nick Caamano,20202021,DAL,L,R,24,0,1,1,-7,17,0.04,0,1,0,0,0,0,0,0,33,0,9:21,100
Connor Bunnaman,20202021,PHI,L,C,18,0,1,1,-6,2,0.06,0,1,0,0,0,0,0,0,15,0,11:34,53.9
Tarmo Reunanen,20202021,NYR,L,D,4,0,1,1,1,0,0.25,0,1,0,0,0,0,0,0,5,0,13:17,--
Lucas Carlsson,20202021,CHI,L,D,12,0,1,1,1,2,0.08,0,1,0,0,0,0,0,0,10,0,13:04,--
Jeremy Davies,20202021,NSH,L,D,16,0,1,1,3,8,0.06,0,1,0,0,0,0,0,0,19,0,15:02,--
Gerry Mayhew,20202021,MIN,R,C,4,0,1,1,1,0,0.25,0,0,0,1,0,0,0,0,5,0,11:45,0
Kristian Vesalainen,20202021,WPG,L,L,12,0,1,1,0,0,0.08,0,1,0,0,0,0,0,0,5,0,8:41,--
Adam Ruzicka,20202021,CGY,L,C,3,0,1,1,2,4,0.33,0,1,0,0,0,0,0,0,3,0,10:45,48.3
Klim Kostin,20202021,STL,L,C,2,0,1,1,-1,0,0.5,0,1,0,0,0,0,0,0,0,--,13:48,--
Ivan Chekhovich,20202021,SJS,L,L,4,0,1,1,-3,0,0.25,0,1,0,0,0,0,0,0,5,0,10:29,--
Alexander True,20202021,SJS,L,C,7,0,1,1,1,6,0.14,0,1,0,0,0,0,0,0,7,0,9:59,37.5
Austin Strand,20202021,LAK,R,D,13,0,1,1,2,8,0.08,0,1,0,0,0,0,0,0,11,0,13:51,--
Ryan McLeod,20202021,EDM,L,C,10,0,1,1,-2,0,0.1,0,1,0,0,0,0,0,0,3,0,12:47,50.6
Brogan Rafferty,20202021,VAN,R,D,1,0,1,1,-1,0,1,0,1,0,0,0,0,0,0,1,0,13:58,--
Peyton Krebs,20202021,VGK,L,C,4,0,1,1,1,0,0.25,0,1,0,0,0,0,0,0,1,0,11:26,66.7
Nicholas Robertson,20202021,TOR,L,L,6,0,1,1,1,0,0.17,0,1,0,0,0,0,0,0,9,0,9:26,--
Tyce Thompson,20202021,NJD,R,R,7,0,1,1,-3,0,0.14,0,1,0,0,0,0,0,0,4,0,8:43,0
Drew O'Connor,20202021,PIT,L,L,10,0,1,1,-2,2,0.1,0,1,0,0,0,0,0,0,8,0,8:57,50
Quinton Byfield,20202021,LAK,L,C,6,0,1,1,1,2,0.17,0,1,0,0,0,0,0,0,9,0,15:01,39.4
Justin Richards,20202021,NYR,R,C,1,0,1,1,1,0,1,0,1,0,0,0,0,0,0,2,0,10:11,--
Jackson Cates,20202021,PHI,L,C,4,0,1,1,-3,0,0.25,0,1,0,0,0,0,0,0,7,0,10:36,54.2
Michael Frolik,20202021,MTL,L,R,8,0,0,0,-3,0,0,0,0,0,0,0,0,0,0,14,0,11:27,60
Yannick Weber,20202021,PIT,R,D,2,0,0,0,-3,0,0,0,0,0,0,0,0,0,0,1,0,11:19,--
Micheal Haley,20202021,OTT,L,L,4,0,0,0,-1,5,0,0,0,0,0,0,0,0,0,0,--,6:03,0
Luca Sbisa,20202021,NSH,L,D,1,0,0,0,0,0,0,0,0,0,0,0,0,0,0,0,--,11:58,--
Aaron Ness,20202021,ARI,L,D,1,0,0,0,0,0,0,0,0,0,0,0,0,0,0,1,0,12:50,--
Zac Rinaldo,20202021,CGY,L,C,4,0,0,0,-1,5,0,0,0,0,0,0,0,0,0,1,0,5:50,--
Matt Bartkowski,20202021,MIN,L,D,1,0,0,0,-1,0,0,0,0,0,0,0,0,0,0,2,0,13:02,--
Brandon Pirri,20202021,CHI,L,C,1,0,0,0,-2,0,0,0,0,0,0,0,0,0,0,2,0,11:29,0
Drew Shore,20202021,CAR,R,C,4,0,0,0,-1,2,0,0,0,0,0,0,0,0,0,3,0,8:30,20
Mark Alt,20202021,LAK,R,D,2,0,0,0,0,2,0,0,0,0,0,0,0,0,0,3,0,13:35,--
Michael Chaput,20202021,ARI,L,C,13,0,0,0,-7,10,0,0,0,0,0,0,0,0,0,3,0,9:24,50.7
Kenny Agostino,20202021,TOR,L,L,1,0,0,0,0,0,0,0,0,0,0,0,0,0,0,0,--,4:08,--
Brandon Davidson,20202021,BUF,L,D,6,0,0,0,-4,4,0,0,0,0,0,0,0,0,0,7,0,15:20,--
Fredrik Claesson,20202021,"SJS,TBL",L,D,6,0,0,0,0,12,0,0,0,0,0,0,0,0,0,4,0,12:23,--
Andy Andreoff,20202021,PHI,L,C,6,0,0,0,-6,9,0,0,0,0,0,0,0,0,0,2,0,8:37,62.5
Andy Welinski,20202021,ANA,R,D,13,0,0,0,4,0,0,0,0,0,0,0,0,0,0,16,0,15:02,--
Xavier Ouellet,20202021,MTL,L,D,6,0,0,0,-1,2,0,0,0,0,0,0,0,0,0,5,0,14:27,--
Stefan Noesen,20202021,"SJS,TOR",R,R,6,0,0,0,0,2,0,0,0,0,0,0,0,0,0,5,0,9:37,25
Kurtis Gabriel,20202021,SJS,R,R,11,0,0,0,1,55,0,0,0,0,0,0,0,0,0,4,0,7:40,--
Martin Frk,20202021,LAK,R,R,1,0,0,0,-1,0,0,0,0,0,0,0,0,0,0,0,--,9:21,--
Joakim Ryan,20202021,CAR,L,D,4,0,0,0,-1,0,0,0,0,0,0,0,0,0,0,2,0,10:51,--
Scott Sabourin,20202021,TOR,R,R,1,0,0,0,0,5,0,0,0,0,0,0,0,0,0,0,--,4:29,--
Buddy Robinson,20202021,CGY,R,R,9,0,0,0,0,0,0,0,0,0,0,0,0,0,0,6,0,7:08,33.3
Brian Pinho,20202021,WSH,R,C,2,0,0,0,-2,0,0,0,0,0,0,0,0,0,0,3,0,7:49,57.1
Hudson Fasching,20202021,ARI,R,R,5,0,0,0,-3,0,0,0,0,0,0,0,0,0,0,7,0,9:28,--
Michael McCarron,20202021,NSH,R,R,6,0,0,0,1,16,0,0,0,0,0,0,0,0,0,3,0,10:18,42.9
Justin Bailey,20202021,VAN,R,R,3,0,0,0,-2,2,0,0,0,0,0,0,0,0,0,6,0,6:48,--
Frederik Gauthier,20202021,ARI,L,C,2,0,0,0,0,2,0,0,0,0,0,0,0,0,0,1,0,6:45,37.5
Jean-Sebastien Dea,20202021,BUF,R,C,1,0,0,0,-1,2,0,0,0,0,0,0,0,0,0,2,0,5:33,--
Dakota Mermis,20202021,MIN,L,D,3,0,0,0,0,0,0,0,0,0,0,0,0,0,0,2,0,16:24,--
Philippe Maillet,20202021,WSH,L,C,2,0,0,0,-1,0,0,0,0,0,0,0,0,0,0,1,0,9:09,50
Josh Currie,20202021,PIT,R,R,1,0,0,0,0,0,0,0,0,0,0,0,0,0,0,0,--,7:24,40
Kevin Czuczman,20202021,PIT,L,D,2,0,0,0,-3,0,0,0,0,0,0,0,0,0,0,2,0,11:39,--
Patrick Brown,20202021,VGK,R,C,4,0,0,0,0,2,0,0,0,0,0,0,0,0,0,5,0,9:06,69.6
Sonny Milano,20202021,ANA,L,L,6,0,0,0,0,0,0,0,0,0,0,0,0,0,0,8,0,14:44,--
Ryan MacInnis,20202021,CBJ,L,C,16,0,0,0,-3,0,0,0,0,0,0,0,0,0,0,14,0,9:58,47.5
Louie Belpedio,20202021,MIN,R,D,1,0,0,0,-1,0,0,0,0,0,0,0,0,0,0,2,0,13:58,--
Chase DeLeo,20202021,ANA,L,C,1,0,0,0,-2,0,0,0,0,0,0,0,0,0,0,1,0,13:26,33.3
Austin Poganski,20202021,STL,R,R,5,0,0,0,-1,0,0,0,0,0,0,0,0,0,0,0,--,7:34,--
Ben Thomas,20202021,TBL,R,D,5,0,0,0,1,0,0,0,0,0,0,0,0,0,0,3,0,14:14,--
Daniel Walcott,20202021,TBL,L,L,1,0,0,0,-1,5,0,0,0,0,0,0,0,0,0,1,0,10:03,0
Ondrej Kase,20202021,BOS,R,R,3,0,0,0,0,0,0,0,0,0,0,0,0,0,0,4,0,8:30,--
Jacob Middleton,20202021,SJS,L,D,1,0,0,0,-2,2,0,0,0,0,0,0,0,0,0,1,0,8:44,--
Jonas Siegenthaler,20202021,"WSH,NJD",L,D,15,0,0,0,-9,4,0,0,0,0,0,0,0,0,0,7,0,15:37,--
A.J. Greer,20202021,NJD,L,L,1,0,0,0,0,7,0,0,0,0,0,0,0,0,0,0,--,8:33,--
David Kase,20202021,PHI,L,R,1,0,0,0,0,0,0,0,0,0,0,0,0,0,0,0,--,10:58,--
Noah Juulsen,20202021,FLA,R,D,4,0,0,0,-3,0,0,0,0,0,0,0,0,0,0,5,0,11:58,--
Guillaume Brisebois,20202021,VAN,L,D,1,0,0,0,0,0,0,0,0,0,0,0,0,0,0,0,--,11:31,--
Kyle Capobianco,20202021,ARI,L,D,2,0,0,0,-2,2,0,0,0,0,0,0,0,0,0,3,0,14:28,--
Zach Senyshyn,20202021,BOS,R,R,8,0,0,0,-1,2,0,0,0,0,0,0,0,0,0,10,0,10:07,0
Filip Chlapik,20202021,OTT,L,C,1,0,0,0,1,0,0,0,0,0,0,0,0,0,0,1,0,7:11,--
Dennis Gilbert,20202021,COL,L,D,3,0,0,0,0,5,0,0,0,0,0,0,0,0,0,0,--,6:43,--
Austin Czarnik,20202021,NYI,R,C,4,0,0,0,-1,0,0,0,0,0,0,0,0,0,0,2,0,12:30,58.3
Will Borgen,20202021,BUF,R,D,10,0,0,0,-4,4,0,0,0,0,0,0,0,0,0,7,0,16:16,--
Colton White,20202021,NJD,L,D,2,0,0,0,-1,0,0,0,0,0,0,0,0,0,0,3,0,14:16,--
Dmytro Timashov,20202021,NYI,L,L,1,0,0,0,-2,0,0,0,0,0,0,0,0,0,0,1,0,7:13,--
Dominik Simon,20202021,CGY,L,C,11,0,0,0,0,0,0,0,0,0,0,0,0,0,0,4,0,9:36,30
Cameron Hughes,20202021,BOS,L,C,1,0,0,0,-1,0,0,0,0,0,0,0,0,0,0,3,0,16:05,41.7
Sami Niku,20202021,WPG,L,D,6,0,0,0,-3,8,0,0,0,0,0,0,0,0,0,2,0,12:58,--
Joey Anderson,20202021,TOR,R,R,1,0,0,0,1,2,0,0,0,0,0,0,0,0,0,0,--,9:36,0
Frederic Allard,20202021,NSH,R,D,1,0,0,0,-2,0,0,0,0,0,0,0,0,0,0,0,--,16:59,--
Carsen Twarynski,20202021,PHI,L,L,7,0,0,0,-3,2,0,0,0,0,0,0,0,0,0,4,0,8:51,33.3
Tim Gettinger,20202021,NYR,L,L,2,0,0,0,-2,0,0,0,0,0,0,0,0,0,0,2,0,11:43,100
Logan Brown,20202021,OTT,L,C,1,0,0,0,0,2,0,0,0,0,0,0,0,0,0,0,--,9:40,0
William Lockwood,20202021,VAN,R,R,2,0,0,0,-2,2,0,0,0,0,0,0,0,0,0,3,0,14:12,--
Keaton Middleton,20202021,COL,L,D,3,0,0,0,-1,4,0,0,0,0,0,0,0,0,0,2,0,9:18,--
Vitaly Abramov,20202021,OTT,L,L,2,0,0,0,0,0,0,0,0,0,0,0,0,0,0,0,--,9:43,--
Brett Murray,20202021,BUF,L,L,2,0,0,0,1,0,0,0,0,0,0,0,0,0,0,1,0,10:38,--
Garrett Pilon,20202021,WSH,R,C,1,0,0,0,0,0,0,0,0,0,0,0,0,0,0,0,--,10:40,--
Oskar Steen,20202021,BOS,R,C,3,0,0,0,-1,2,0,0,0,0,0,0,0,0,0,6,0,13:24,--
Matthew Phillips,20202021,CGY,R,C,1,0,0,0,0,0,0,0,0,0,0,0,0,0,0,2,0,14:19,--
Tanner Laczynski,20202021,PHI,R,C,5,0,0,0,1,0,0,0,0,0,0,0,0,0,0,6,0,9:59,40.7
Jeffrey Viel,20202021,SJS,L,L,11,0,0,0,-7,23,0,0,0,0,0,0,0,0,0,10,0,7:16,--
Vinni Lettieri,20202021,ANA,R,C,5,0,0,0,-3,0,0,0,0,0,0,0,0,0,0,7,0,12:43,40
Jonah Gadjovich,20202021,VAN,L,L,1,0,0,0,-1,17,0,0,0,0,0,0,0,0,0,0,--,4:55,--
Kole Lind,20202021,VAN,R,R,7,0,0,0,-4,0,0,0,0,0,0,0,0,0,0,4,0,13:09,--
Morgan Frost,20202021,PHI,L,C,2,0,0,0,0,0,0,0,0,0,0,0,0,0,0,0,--,10:14,50
Timothy Liljegren,20202021,TOR,R,D,2,0,0,0,1,2,0,0,0,0,0,0,0,0,0,1,0,15:06,--
David Farrance,20202021,NSH,L,D,2,0,0,0,3,0,0,0,0,0,0,0,0,0,0,3,0,18:08,--
C.J. Smith,20202021,BUF,L,L,1,0,0,0,0,0,0,0,0,0,0,0,0,0,0,0,--,7:57,--
Maksim Sushko,20202021,PHI,L,R,2,0,0,0,-1,0,0,0,0,0,0,0,0,0,0,0,--,9:34,--
Drake Rymsha,20202021,LAK,R,C,1,0,0,0,1,0,0,0,0,0,0,0,0,0,0,0,--,13:16,--
Sheldon Dries,20202021,COL,L,C,3,0,0,0,1,4,0,0,0,0,0,0,0,0,0,1,0,7:49,0
Joey Keane,20202021,CAR,R,D,1,0,0,0,-1,0,0,0,0,0,0,0,0,0,0,1,0,19:34,--
Sheldon Rempal,20202021,CAR,R,R,3,0,0,0,0,0,0,0,0,0,0,0,0,0,0,3,0,8:18,0
Martin Kaut,20202021,COL,R,R,5,0,0,0,-1,4,0,0,0,0,0,0,0,0,0,2,0,8:00,--
Alec Regula,20202021,CHI,R,D,3,0,0,0,-1,0,0,0,0,0,0,0,0,0,0,1,0,12:23,--
Jacob Bernard-Docker,20202021,OTT,R,D,5,0,0,0,2,0,0,0,0,0,0,0,0,0,0,6,0,13:40,--
Calen Addison,20202021,MIN,R,D,3,0,0,0,0,0,0,0,0,0,0,0,0,0,0,4,0,18:31,--
Par Lindholm,20202021,BOS,L,C,1,0,0,0,0,0,0,0,0,0,0,0,0,0,0,0,--,12:55,80
Juuso Riikola,20202021,PIT,L,D,2,0,0,0,0,0,0,0,0,0,0,0,0,0,0,1,0,11:26,--
Antti Suomela,20202021,SJS,L,C,4,0,0,0,0,0,0,0,0,0,0,0,0,0,0,4,0,11:07,56
David Gustafsson,20202021,WPG,L,C,4,0,0,0,-1,0,0,0,0,0,0,0,0,0,0,1,0,5:49,52.4
Jesse Ylonen,20202021,MTL,R,R,1,0,0,0,0,0,0,0,0,0,0,0,0,0,0,1,0,11:23,--
Otto Leskinen,20202021,MTL,L,D,1,0,0,0,0,0,0,0,0,0,0,0,0,0,0,0,--,16:23,--
Simon Benoit,20202021,ANA,L,D,6,0,0,0,-3,2,0,0,0,0,0,0,0,0,0,3,0,17:12,--
Reese Johnson,20202021,CHI,R,C,5,0,0,0,-2,9,0,0,0,0,0,0,0,0,0,4,0,7:57,0
Egor Zamula,20202021,PHI,L,D,2,0,0,0,1,0,0,0,0,0,0,0,0,0,0,5,0,17:04,--
Brady Keeper,20202021,FLA,R,D,1,0,0,0,0,0,0,0,0,0,0,0,0,0,0,0,--,9:28,--
Cam York,20202021,PHI,L,D,3,0,0,0,-1,0,0,0,0,0,0,0,0,0,0,1,0,19:47,--
Ville Heinola,20202021,WPG,L,D,5,0,0,0,-2,2,0,0,0,0,0,0,0,0,0,9,0,15:32,--
Connor McMichael,20202021,WSH,L,C,1,0,0,0,0,2,0,0,0,0,0,0,0,0,0,1,0,9:54,100
Olle Alsing,20202021,OTT,L,D,4,0,0,0,-1,0,0,0,0,0,0,0,0,0,0,1,0,10:50,--
Joakim Nygard,20202021,EDM,L,L,9,0,0,0,-2,4,0,0,0,0,0,0,0,0,0,6,0,9:09,100
Lean Bergmann,20202021,SJS,L,C,1,0,0,0,-1,4,0,0,0,0,0,0,0,0,0,1,0,10:19,--
Cole Smith,20202021,NSH,L,L,1,0,0,0,0,0,0,0,0,0,0,0,0,0,0,1,0,5:57,--
Marc Michaelis,20202021,VAN,L,L,15,0,0,0,-5,2,0,0,0,0,0,0,0,0,0,3,0,9:05,60
Jack Ahcan,20202021,BOS,L,D,3,0,0,0,-3,0,0,0,0,0,0,0,0,0,0,5,0,20:38,--
Brinson Pasichnuk,20202021,SJS,L,D,4,0,0,0,-1,2,0,0,0,0,0,0,0,0,0,3,0,11:37,--
Josh Dunne,20202021,CBJ,L,C,6,0,0,0,-1,4,0,0,0,0,0,0,0,0,0,7,0,10:23,17.7
Matt Kiersted,20202021,FLA,L,D,7,0,0,0,-4,2,0,0,0,0,0,0,0,0,0,6,0,15:10,--
